id,name,auther,periodical,pubilshedtime,attribute,counted,downloadcount,:LABEL
20001,1-60日龄文昌鸡母鸡净能需要量预测模型研究,徐小静;魏立民;赵少猛;赵桂苹;张敏红;冯京海,中国农业科学,2023/11/16,期刊,0,142,literature
20002,文昌鸡母鸡生长模型的研究,徐小静;董瑞玲;魏立民;赵少猛;赵桂苹;张敏红;冯京海,畜牧兽医学报,2023/10/7,期刊,2,210,literature
20003,61～120日龄文昌鸡母鸡净能需要量预测模型研究,徐小静;张旭丽;赵少猛;魏立民;董瑞玲;赵桂苹;张敏红;冯京海,动物营养学报,2023/9/11,期刊,0,159,literature
20004,肉鸡健康生产的环境与营养调控,张敏红,北方牧业,2021/12/20,期刊,0,186,literature
20005,不同相对湿度对连续日增温下肉仔鸡生理指标的影响,李萌;厉秀梅;周莹;冯京海;赵骞;张敏红,动物营养学报,2017/9/24,期刊,4,182,literature
20006,相对湿度对递增性偏热环境下肉鸡体热调节及下丘脑热休克蛋白70含量的影响,周莹;张敏红;冯京海;张少帅;彭骞骞;李萌;李香,动物营养学报,2017/1/3,期刊,10,229,literature
20007,相对湿度和间歇性偏热处理对肉仔鸡免疫功能的影响,张少帅;李萌;李香;周莹;冯京海;张敏红,动物营养学报,2017/1/3,期刊,9,154,literature
20008,风速和偏热处理对肉仔鸡生理、内分泌和免疫指标的影响,张少帅;刁华杰;张敏红;冯京海;周莹;李萌;厉秀梅,动物营养学报,2016/12/23,期刊,5,178,literature
20009,急性偏热处理对肉仔鸡体热调节功能的影响,张少帅;甄龙;张敏红;冯京海;彭骞骞;常玉;周莹;李香;李萌,动物营养学报,2016/2/15,期刊,15,142,literature
20010,持续偏热处理对肉仔鸡免疫器官指数、小肠形态结构和黏膜免疫指标的影响,张少帅;甄龙;冯京海;胡春红;彭骞骞;常玉;周莹;张敏红,动物营养学报,2015/12/15,期刊,36,419,literature
20011,相对湿度和氨气应激对肉仔鸡血氨水平及细胞因子含量的影响,魏凤仙;胡骁飞;张敏红;李绍钰;徐彬;蔺萍;孙全友;李浩,动物营养学报,2013/9/10,期刊,43,284,literature
20012,热应激对肉仔鸡生产性能及肉品质的影响,李军乔;王振旗;张敏红,饲料研究,2012/3/7,期刊,21,297,literature
20013,短期灌服二氢杨梅素对受损肉仔鸡肠黏膜的修复及免疫机能的影响,郭航;谢鹏;张敏红;郑姗姗;冯京海,中国兽医杂志,2010/4/22,期刊,11,152,literature
20014,热应激对肉仔鸡热应激蛋白转录的影响,李军乔;王振旗;张敏红;黄仁录;陈辉,饲料研究,2009/12/7,期刊,5,160,literature
20015,经口有机磷农药暴露对肉鸡食用安全性的影响,郑姗姗;李重九;刘俊孜;张敏红,第十一届全国家畜环境科学讨论会论文集,2008/8/1,中国会议,0,39,literature
20016,葡甘露聚糖对饲喂黄曲霉毒素B1日粮肉仔鸡生长性能、血清指标及器官指数的影响,侯然然;郑姗姗;张敏红;冯京海;马爱平;谢鹏,动物营养学报,2008/4/15,期刊,69,569,literature
20017,葡甘露聚糖对饲喂黄曲霉毒素B1日粮的肉仔鸡肝生化指标和组织的影响,侯然然;谢鹏;张敏红;冯京海;郑姗姗;马爱平,动物营养学报,2008/4/15,期刊,42,366,literature
20018,二氢杨梅素对肉仔鸡血液生化指标及生长性能的影响,韩爱云;张国强;黄仁录;谢鹏;冯京海;张敏红,中国兽医杂志,2007/11/22,期刊,28,181,literature
20019,二氢杨梅树皮素对肉仔鸡生产性能及消化酶活性的影响,陈辉;邸科前;黄仁录;张敏红;马爱平;谢鹏,动物营养学报,2007/2/28,期刊,13,214,literature
20020,二氢杨梅素对肉仔鸡生长性能、免疫器官指数及血液生化指标的影响,韩爱云;黄仁录;张国强;谢鹏;冯京海;张敏红,中国饲料,2006/5/20,期刊,22,249,literature
20021,二氢杨梅素对肉仔鸡消化酶活性的影响,"陈辉,黄仁录,张敏红,马爱平",饲料博览,2005/10/25,期刊,10,139,literature
20022,二氢杨梅素和土霉素体外抑菌作用的比较试验,"谢鹏,郑姗姗,龚方方,张敏红",中国动物保健,2005/1/20,期刊,18,258,literature
20023,日粮核黄素水平对热应激条件下肉仔鸡生产性能的影响,"王丹莉,张敏红,文杰,杜荣,谢鹏,郑姗姗",动物营养学报,2003/11/30,期刊,20,246,literature
20024,日粮核黄素水平对热应激条件下肉仔鸡免疫机能的影响,"王丹莉,张敏红,文杰,杜荣,谢鹏,郑姗姗",动物营养学报,2003/8/30,期刊,17,213,literature
20025,类黄酮对肉仔鸡生产性能及脂质代谢的影响,"谢棒祥,张敏红,杜荣,王丹莉",动物营养学报,2002/11/30,期刊,77,435,literature
20026,核黄素添加梯度对高温环境下肉鸡生产性能及脂质过氧化水平的影响的研究,李绍钰;魏凤仙;张敏红;张子仪,现代化畜牧生产环境与环境管理（五）——第八届全国家畜环境科学讨论会论文集,2002/8/1,中国会议,4,53,literature
20027,吡啶羧酸铬安全性评价试验,杜荣;张敏红;张卫红;王丹莉;周双英,现代化畜牧生产环境与环境管理（五）——第八届全国家畜环境科学讨论会论文集,2002/8/1,中国会议,0,66,literature
20028,吡啶羧酸铬对畜禽抗高温、高产生理性应激效果的研究,张敏红,饲料博览,2000/12/25,期刊,43,84,literature
20029,全基因关联分析筛选文昌鸡体尺性状相关分子标记,骆娜;安炳星;魏立民;文杰;赵桂苹,中国农业科学,2024/5/16,期刊,0,137,literature
20030,一种快速挖掘鸡品种特征性SNP标记集合的方法,白露;王梦杰;马小春;何政肖;谭晓冬;刘杰;赵桂苹;文杰;刘冉冉,畜牧兽医学报,2023/5/31,期刊,1,229,
20031,基于脾脏转录组筛选北京油鸡和广明白鸡抗热应激相关功能基因,王子渲;王巧;张锦;Astrid Lissette Barreto Sánchez;郑麦青;李庆贺;崔焕先;安炳星;赵桂苹;文杰;李和刚,畜牧兽医学报,2023/2/27,期刊,2,348,
20032,鸡木质化胸肌组织学特征及分子调控通路改变研究,白露;王梦杰;马小春;何政肖;孔富丽;刘大伟;营凡;朱丹;赵桂苹;文杰;刘冉冉,畜牧兽医学报,2023/2/23,期刊,1,285,
20033,磁珠法提取鸡血液基因组DNA效果研究,王希彩;白露;孙嘉宏;谭晓冬;李韦;孔富丽;赵桂苹;文杰;刘冉冉,中国家禽,2022/12/2,期刊,1,536,
20034,京星黄鸡IMF系全基因组选择信号检测分析,王永丽;刘晓静;崔焕先;文杰,中国家禽,2022/10/24,期刊,2,249,
20035,抑制USP7活性对鸡抗沙门菌感染的影响,张娜;王菲;葛锡民;赵桂苹;文杰;李庆贺,畜牧兽医学报,2022/5/25,期刊,0,113,
20036,基于表型和基因组信息评价北京油鸡保种群保种情况,王海龙;王巧;邢思远;王杰;李庆贺;郑麦青;崔焕先;刘冉冉;赵桂苹;文杰,畜牧兽医学报,2021/9/23,期刊,8,326,
20037,文昌鸡肌内脂肪和腹脂的组成差异研究,骆娜;崔焕先;原小雅;金雨锡;束婧婷;赵桂苹;文杰,中国家禽,2021/9/15,期刊,8,665,
20038,肉鸡种业的昨天、今天和明天,文杰,中国畜牧业,2021/9/10,期刊,19,833,
20039,肠炎沙门菌感染鸡lncRNA表达谱分析,张琪;张锦;王杰;郑炬梅;李庆贺;郑麦青;文杰;赵桂苹,中国家禽,2021/7/15,期刊,0,177,
20040,京星黄鸡103与北京油鸡屠体性能及肉品质比较,孙研研;宗云鹤;麻慧;刘冉冉;李云雷;倪爱心;石雷;王攀林;葛平壮;陈超;文杰;陈继兰,中国畜牧兽医,2020/10/19,期刊,10,274,
20041,科技为肉鸡产业扶贫注入新活力,文杰,中国禽业导刊,2020/8/15,期刊,0,0,
20042,我国肉鸡种业发展现状、机遇与挑战,赵桂苹;文杰;张细权;舒鼎铭;李辉;张德祥;邹剑敏;蒋小松,中国禽业导刊,2020/8/15,期刊,0,0,
20043,鸡种质资源培育与创新利用,文杰;赵桂苹;刘冉冉;郑麦青;崔焕先;李庆贺;刘继强;冯甫荣,中国农业科学院北京畜牧兽医研究所;北京康普森生物技术有限公司;佛山市高明区新广农牧有限公司,2020/6/24,科技成果,0,9,
20044,鸡血糖性状的全基因组关联分析,刘晓静;刘璐;王杰;崔焕先;赵桂苹;文杰,畜牧兽医学报,2020/6/23,期刊,6,526,
20045,鸡肌内脂肪沉积相关候选基因筛选,李京徽;邢思远;王希彩;李庆贺;赵桂苹;张永宏;文杰;刘冉冉,中国畜牧兽医,2020/6/17,期刊,8,667,
20046,中国肉鸡产业技术创新与发展趋势,文杰,兽医导刊,2020/2/15,期刊,14,423,
20047,沙门菌感染雏鸡调节性T细胞变化的分析,张锦;李庆贺;郑麦青;刘冉冉;崔焕先;文杰;赵桂苹,畜牧兽医学报,2019/11/19,期刊,3,189,
20048,矮脚黄鸡轻度脂肪肝对其屠宰性能和肉品质的影响,谭晓冬;刘冉冉;赵桂苹;崔焕先;李庆贺;郑麦青;文杰,中国畜牧兽医,2019/6/19,期刊,4,316,
20049,我国黄羽肉鸡品种改良最新进展及未来发展方向,文杰,饲料与畜牧,2019/4/25,期刊,5,600,
20050,鸡抗沙门菌感染研究进展,李庆贺;文杰;赵桂苹,中国家禽,2019/1/25,期刊,5,312,
20051,利用IP-MS技术鉴定鸡细胞中禽流感病毒宿主互作因子,王巧;李庆贺;王菲;刘冉冉;郑麦青;崔焕先;文杰;赵桂苹,中国畜牧兽医学会2018年学术年会禽病学分会第十九次学术研讨会论文集,2018/11/21,中国会议,0,278,
20052,黄羽肉鸡品种改良进展及未来发展方向,文杰,第六届（2018）中国黄羽肉鸡行业发展大会论文集,2018/9/4,中国会议,1,204,
20053,鸡基因组育种和保种用SNP芯片研发及应用,刘冉冉;赵桂苹;文杰,中国家禽,2018/8/10,期刊,26,1243,
20054,全国肉鸡遗传改良计划(2014-2025)工作进展,文杰,第五届（2018）全球肉鸡产业研讨会暨第六届中国白羽肉鸡产业发展大会论文集,2018/5/15,中国会议,0,85,
20055,鸡PRR5L基因5′UTR多态性及其与脂肪性状、屠体性状的关联分析,王顺利;崔焕先;刘冉冉;李庆贺;郑麦青;文杰;赵桂苹;赵素梅,中国畜牧兽医,2018/4/20,期刊,2,206,
20056,北京油鸡剩余采食量与屠宰性能及肉品质的相关性分析,刘杰;王杰;刘冉冉;赵桂苹;郑麦青;李庆贺;崔焕先;文杰,中国畜牧兽医,2017/9/20,期刊,11,394,
20057,2016年度肉鸡产业技术发展报告,文杰,北方牧业,2017/7/20,期刊,0,100,
20058,2016年我国肉鸡产业发展监测报告,郑麦青;李鸿志;高海军;腰文颖;文杰;宫桂芬,中国家禽,2017/5/25,期刊,20,590,
20059,肉杂鸡与肉鸡产业的协调发展,文杰,中国禽业导刊,2016/12/10,期刊,0,0,
20060,利用MHC B-L基因外显子2分析部分中国地方鸡种的遗传多态性,原小雅;刘立波;郑麦青;刘冉冉;李庆贺;王巧;崔焕先;文杰;陈国宏;赵桂苹,浙江农业学报,2016/7/25,期刊,3,158,
20061,去势对北京油鸡鸡冠发育、屠宰性能及脂肪代谢的影响,崔小燕;王杰;刘杰;赵桂苹;刘冉冉;郑麦青;李庆贺;文杰,畜牧兽医学报,2016/7/19,期刊,9,637,
20062,金陵花鸡,黄雄;陈智武;韦凤英;粟永春;文杰;郑麦青;蔡日春;荆信栋;刘冉冉;孙学高;余洋;沈前程;黄超;曹孟洪,广西金陵农牧集团有限公司,2015/12/20,科技成果,0,6,
20063,鸡肝重和颜色的全基因组连锁分析,孙艳发;赵桂苹;刘冉冉;郑麦青;刘丽;李鹏;文杰,畜牧兽医学报,2015/11/11,期刊,0,154,
20064,利用iTRAQ蛋白质组技术筛选与鸡喙畸形相关的候选蛋白,刘念;孙研研;白皓;华登科;薛夫光;刘冉冉;李冬立;文杰;陈继兰,中国农业科学,2015/11/5,期刊,6,306,
20065,禽流感病毒PA-N182与鸡COPD蛋白互作的鉴定,王巧;李庆贺;刘冉冉;郑麦青;文杰;赵桂苹,畜牧兽医学报,2015/10/20,期刊,2,190,
20066,京星黄鸡白细胞介素-2基因与H/L的关联分析,赵会静;张敬敬;文杰;刘冉冉;郑麦青;李庆贺;赵桂苹,中国畜牧兽医,2015/8/20,期刊,0,119,
20067,鸡肌肉组织实时荧光定量PCR及Western杂交内参基因的筛选,王红杨;刘冉冉;赵桂苹;郑麦青;李庆贺;李鹏;刘丽;文杰,畜牧兽医学报,2015/7/15,期刊,6,729,
20068,肉鸡产业发展趋势与主推技术,文杰,兽医导刊,2015/7/15,期刊,5,161,
20069,农业部肉鸡产业主推技术介绍,文杰,北方牧业,2015/6/20,期刊,0,128,
20070,不同品种鸡对肠炎沙门氏菌人工感染初期免疫应答反应的差异,刘璐;李建超;刘冉冉;李庆贺;文杰;常国斌;郑麦青;陈国宏;赵桂苹,畜牧兽医学报,2015/6/15,期刊,10,361,
20071,五星黄鸡BMP15基因多态性与产蛋性能关联性分析,凡文磊;刘红举;郑麦青;刘冉冉;李庆贺;文杰;赵桂苹,中国畜牧杂志,2015/6/10,期刊,11,176,
20072,15个鸡群体IL-2基因的遗传变异分析,赵会静;张敬敬;文杰;刘冉冉;郑麦青;李庆贺;马月辉;赵桂苹,畜牧兽医学报,2015/1/15,期刊,3,205,
20073,MYCN基因在鸡成肌细胞和胸肌组织表达及生长发育中变化,崔小燕;汪芳杰;刘冉冉;郑麦青;文杰;付睿琦;姜润深;赵桂苹,安徽农业大学学报,2014/12/25,期刊,4,279,
20074,2014年1至6月份我国肉鸡产业发展监测报告,郑麦青;李鹏;赵桂苹;文杰,第四届（2014）中国黄羽肉鸡行业发展大会会刊,2014/9/27,中国会议,0,50,
20075,不同饲养方式对北京油鸡肌肉风味物质的影响,孙月娇;田河山;赵桂苹;郑麦青;王博;文杰,中国畜牧兽医,2014/9/20,期刊,23,400,
20076,国内外肉鸡产业发展现状、趋势及存在问题,赵桂苹;文杰,北方牧业,2014/9/20,期刊,8,318,
20077,沙门氏菌和聚肌胞处理条件下鸡免疫相关候选基因mRNA表达特性,孙艳;李建超;李鹏;郑麦青;刘冉冉;李庆贺;文杰;赵桂苹,中国农业科学,2014/9/5,期刊,1,192,
20078,叶酸对种鸡子代胚胎期脂代谢基因表达及甲基化的影响,喻小琼;刘冉冉;赵桂苹;郑麦青;李鹏;文杰,动物营养学报,2014/7/15,期刊,3,232,
20079,全国肉鸡遗传改良计划解读,文杰,今日畜牧兽医,2014/7/10,期刊,0,98,
20080,全国肉鸡遗传改良计划(2014～2025),文杰,北方牧业,2014/6/5,期刊,4,75,
20081,肉鸡遗传育种与资源研究及其技术发展动态,舒鼎铭;陈宽维;蒋小松;张细权;李辉;文杰,中国家禽,2014/5/20,期刊,4,363,
20082,光照强度对北京油鸡激素分泌、生产性能及胴体性能的影响,华登科;李冬立;孙研研;唐诗;白皓;刘念;刘冉冉;郑麦青;赵桂苹;文杰;陈国宏;陈继兰,畜牧兽医学报,2014/5/15,期刊,16,519,
20083,SPF鸡人工感染肠炎沙门氏菌死亡率与TLR4基因多态性的研究,郑麦青;张之宣;李鹏;刘丽;刘冉冉;文杰;王慧华;赵桂苹,第四届（2014）中国白羽肉鸡产业发展大会暨第三届全球肉鸡产业研讨会会刊,2014/5/15,国际会议,0,45,
20084,北京油鸡脂代谢关键转录因子的表达模式,付睿琦;赵桂苹;文杰,中国家禽,2014/4/20,期刊,0,149,
20085,北京油鸡生长曲线拟合与分析,付睿琦;赵桂苹;刘冉冉;黄华云;郑麦青;陈继兰;文杰,中国家禽,2014/2/5,期刊,60,558,
20086,鸡16号染色体SNP单倍型和拷贝数变异对血清IgG含量的影响,周伟;刘冉冉;郑麦青;文杰;赵桂苹;陈国宏;常国斌;张磊;孙艳发;李鹏;孙艳,畜牧兽医学报,2013/9/15,期刊,3,192,
20087,饲粮代谢能水平对7～13周龄北京油鸡生产性能及肉品质的影响,白洁;陈继兰;岳文斌;文杰;赵桂苹;郑麦青,中国家禽,2013/8/20,期刊,6,129,
20088,饲粮代谢能水平对北京油鸡屠宰性能和肌内脂肪含量的影响,白洁;陈继兰;李冬立;岳文斌;郑麦青;赵桂苹;文杰,动物营养学报,2013/8/15,期刊,9,322,
20089,北京油鸡喙畸形性状候选基因GLA多态性的研究,白皓;陈继兰;刘冉冉;朱静;毕瑜林;唐诗;秦宁;常国斌;郑麦青;赵桂苹;文杰;陈国宏,中国畜牧杂志,2013/8/10,期刊,4,142,
20090,聚焦肉鸡产业  专家共献良策——国家肉鸡产业技术体系“肉鸡产业发展深层研讨会”互动交流内容实录,张秀美;魏忠华;文杰;王济民;顾传学;师校军;张宏福;陈继兰;李辉;逯岩;刘华贵;王进圣;罗平涛;曹顶国;杨勇;徐日福;颛锡良,北方牧业,2013/7/20,期刊,1,137,
20091,北京油鸡体脂分布及沉积规律研究,付睿琦;赵桂苹;刘冉冉;郑麦青;陈继兰;文杰,动物营养学报,2013/7/15,期刊,28,436,
20092,鸡NCOA7基因在成肌细胞分化和腿肌组织发育中的表达特性分析,汪芳杰;刘冉冉;郑麦青;文杰;李颖颖;刘红举;周伟;姜润深;赵桂苹,中国畜牧兽医学会家禽学分会第九次代表会议暨第十六次全国家禽学术讨论会论文集,2013/5/12,中国会议,1,64,
20093,北京油鸡喙畸形性状候选基因在畸形与正常喙组织中的差异表达分析,白皓;陈继兰;刘冉冉;朱静;毕瑜林;唐诗;秦宁;刘念;华登科;常国斌;郑麦青;赵桂苹;文杰;陈国宏,中国畜牧兽医学会家禽学分会第九次代表会议暨第十六次全国家禽学术讨论会论文集,2013/5/12,中国会议,0,53,
20094,卵泡刺激素对鸡体脂代谢影响的研究,李颖颖;赵桂苹;刘冉冉;郑麦青;陈继兰;汪芳杰;白皓;周伟;文杰,中国家禽,2013/4/20,期刊,6,200,
20095,鸡胫长和胫围的全基因组关联分析,孙艳发;刘冉冉;郑麦青;赵桂苹;张磊;吴丹;胡耀东;李鹏;文杰,畜牧兽医学报,2013/3/15,期刊,33,707,
20096,鸡体质量性状基因的全基因组关联研究,吴丹;刘冉冉;赵桂苹;郑麦青;张磊;胡耀东;文杰,畜牧兽医学报,2012/12/15,期刊,25,519,
20097,北京油鸡AMPK基因表达规律及其对肌肉和脂肪细胞内脂肪沉积的影响,杨烨;宋娇;付睿琦;李颖颖;苟钟勇;孙艳发;赵桂苹;文杰,畜牧兽医学报,2012/11/15,期刊,10,450,
20098,卵泡刺激素对北京油鸡脂肪代谢的影响,李颖颖;赵桂苹;刘冉冉;郑麦青;陈继兰;汪芳杰;文杰,中国畜牧兽医学会动物营养学分会第十一次全国动物营养学术研讨会论文集,2012/10/19,中国会议,0,67,
20099,不同精液稀释液对鸡种蛋受精率和健雏率的影响,刘红举;胡祖义;赵桂苹;郑麦青;文杰;刘冉冉,第三届（2012）中国黄羽肉鸡行业发展大会会刊,2012/9/9,中国会议,4,152,
20100,鸡体重性状QTL的全基因组关联研究,孙艳发;刘冉冉;郑麦青;赵桂苹;陈继兰;文杰,第三届（2012）中国黄羽肉鸡行业发展大会会刊,2012/9/9,中国会议,4,156,
20101,鸡胸腺重和脾脏重性状的全基因组关联,张磊;郑麦青;刘冉冉;文杰;吴丹;胡耀东;孙艳发;李鹏;刘丽;赵桂苹,中国农业科学,2012/8/1,期刊,13,352,
20102,SPAG6基因多态性对种公鸡精液品质和性发育相关性状的影响,毕瑜林;陈继兰;刘冉冉;郑麦青;朱静;常国斌;赵桂苹;文杰;陈国宏,中国畜牧杂志,2012/6/10,期刊,13,333,
20103,鸡喙组织主要化学成分分析,朱静;陈继兰;刘冉冉;郑麦青;胡娟;刘国芳;王竹伟;毕瑜林;唐诗;白皓;赵桂苹;文杰,中国家禽,2012/5/20,期刊,4,162,
20104,亚油酸、亚麻酸及二者不同比例对鸡原代肝细胞增殖的影响,齐珂珂;蒋瑞瑞;赵桂苹;陈继兰;郑麦青;文杰,中国畜牧杂志,2012/3/10,期刊,5,245,
20105,不同光照制度对北京油鸡肉用性能的影响,朱静;陈继兰;胡娟;文杰;赵桂苹;郑麦青;刘冉冉;刘国芳;王竹伟;毕瑜林;唐诗,中国家禽,2011/12/20,期刊,14,200,
20106,鸡MyD88-TIR的同源模建,赵兴旺;刘冉冉;郑麦青;文杰;陈继兰;赵桂苹,生物信息学,2011/12/15,期刊,3,167,
20107,鸡髓样分化因子88的原核表达及单克隆抗体制备,赵兴旺;刘冉冉;郑麦青;文杰;陈继兰;赵桂苹,生物技术通讯,2011/11/30,期刊,4,139,
20108,鸡促卵泡素及其受体基因在多个非繁殖组织中的表达研究,崔焕先;赵桂苹;刘冉冉;郑麦青;陈继兰;文杰,畜牧兽医学报,2011/11/15,期刊,10,282,
20109,北京油鸡血清IgG含量的GWAS初步分析,张磊;刘冉冉;赵桂苹;文杰;郑麦青;吴丹;胡耀东;李鹏;刘丽,安全优质的家禽生产——第十五次全国家禽学术讨论会论文集,2011/11/1,中国会议,1,106,
20110,鸡肉风味物质的遗传选择对北京油鸡饲料转化率及其他生产性状的影响,刘国芳;陈继兰;胡娟;文杰;赵桂苹;郑麦青;刘冉冉;刘伟平;赵丽红;王竹伟;朱静,四川农业大学学报,2011/9/30,期刊,3,313,
20111,北京油鸡相关新品种培育与产业升级关键技术的研发与应用,陈继兰;文杰;龚炎长;孙研研;李显耀;李冬立;杨福剑;陈余;吴文平;麻慧;罗清尧;贾亚雄;任海义;刘冉冉,中国农业科学院北京畜牧兽医研究所;华中农业大学;北京百年栗园生态农业有限公司;山东农业大学;广西参皇养殖集团有限公司;北京市畜牧总站;湖北欣华生态畜禽开发有限公司,2011/5/1,科技成果,0,5,
20112,优质鸡体脂分布评价指标的筛选,吕喜青;刘冉冉;赵桂苹;郑麦青;陈继兰;文杰;胡耀东;殷文政,中国家禽,2011/3/20,期刊,7,233,
20113,日粮营养水平对爱拔益加肉鸡和北京油鸡肌肉代谢与品质特性的影响,赵景鹏;赵桂苹;郑麦青;陈继兰;文杰,中国畜牧杂志,2011/3/10,期刊,7,212,
20114,爱拔益加肉鸡和北京油鸡脂肪代谢及其相关基因表达的比较研究,蒋瑞瑞;赵桂苹;陈继兰;郑麦青;刘冉冉;李鹏;胡耀东;文杰,动物营养学报,2010/10/15,期刊,36,716,
20115,鸡HSP70-2基因多态性及其与精液品质性状的关联分析,刘伟平;陈继兰;陈国宏;文杰;赵桂萍;郑麦青;刘冉冉,第十二次全国畜禽遗传标记研讨会论文集,2010/10/14,中国会议,0,78,
20116,鸡SRBC和H/L免疫性状遗传选择进展,胡耀东;文杰;郑麦青;陈继兰;刘冉冉;赵桂苹,第二届中国黄羽肉鸡行业发展大会会刊,2010/10/13,中国会议,2,93,
20117,北京油鸡体脂分布与沉积规律研究,付睿琦;赵桂苹;刘冉冉;郑麦青;陈继兰;苟钟勇;文杰,第六次全国饲料营养学术研讨会论文集,2010/10/1,中国会议,1,87,
20118,TLR4基因SNP检测及在中外鸡种中的群体变异分析,宋咏梅;庞建建;赵桂苹;刘冉冉;李鹏;赵兴旺;郑麦青;文杰,中国农学通报,2010/8/20,期刊,11,254,
20119,急性热应激对北京油鸡生产性能的影响及Vc添加效应的研究,胡娟;陈继兰;文杰;王丹莉;赵桂萍;郑麦青;蒋瑞瑞;刘琛;刘冉冉;刘伟平,安徽农业大学学报,2010/7/30,期刊,16,267,
20120,短期热应激对北京油鸡种公鸡繁殖性能的影响,刘伟平;文杰;陈国宏;陈继兰;胡娟;赵丽红;常国斌;赵桂萍;郑麦青;刘冉冉,全球肉鸡产业论坛暨第二届中国白羽肉鸡产业发展大会会刊,2010/5/13,中国会议,4,87,
20121,A-FABP和AMPD1基因SNP位点对北京油鸡部分肉质性状的组合效应分析,刘琛;文杰;赵桂苹;郑麦青;陈继兰,畜牧兽医学报,2009/10/15,期刊,27,319,
20122,鸡MHC B-L基因SNPs单倍型与免疫性状关系的研究,刘立波;赵桂苹;文杰;陈继兰;郑麦青,中国动物遗传育种研究进展——第十五次全国动物遗传育种学术讨论会论文集,2009/10/10,中国会议,1,61,
20123,IMF双向遗传选择与日粮能量水平互作对北京油鸡性能、脂肪沉积及A-FABP基因mRNA表达的影响,刘蒙;文杰;赵桂苹;郑麦青;赵景鹏;齐珂珂;刘国芳;宋代军;陈继兰,中国动物遗传育种研究进展——第十五次全国动物遗传育种学术讨论会论文集,2009/10/10,中国会议,0,43,
20124,肉鸡业产销形势与后市分析研究,文杰,北方牧业,2009/8/30,期刊,13,59,
20125,日粮ω6/ω3对爱拔益加肉仔鸡肉品质、血液脂质指标及脂肪酸组成的影响,齐珂珂;赵桂苹;陈继兰;郑麦青;刘蒙;文杰,动物营养学报,2009/8/15,期刊,14,307,
20126,维生素E水平和应激对雏鸡血浆皮质酮浓度的影响,韩慕俊;赵桂苹;赵景鹏;郑麦青;文杰,中国畜牧兽医,2009/7/20,期刊,5,143,
20127,寿光鸡腺苷酸琥珀酸裂解酶ADSL基因的表达与克隆化细胞株的筛选,刘长青;张洪海;文杰;马月辉;关伟军;唐学玺,畜牧兽医学报,2009/7/15,期刊,6,181,
20128,日粮能量水平与肌内脂肪遗传选择对北京油鸡生产性能的互作影响,刘蒙;文杰;宋代军;齐珂珂;赵桂苹;郑麦青;赵景鹏;陈继兰,安徽农业大学学报,2009/7/15,期刊,10,167,
20129,日粮烟酸水平对AA肉鸡脂肪沉积和肉品质的影响,蒋瑞瑞;桂苹;陈继兰;郑麦青;庞建建;文杰,中国家禽科学研究进展——第十四次全国家禽科学学术讨论会论文集,2009/7/1,中国会议,0,73,
20130,日粮代谢能水平对北京油鸡脂肪沉积和LPL基因表达的影响,刘蒙;宋代军;齐珂珂;文杰;赵桂苹;郑麦青;赵景鹏;陈继兰,中国畜牧兽医,2009/5/20,期刊,45,594,
20131,长期高温对商品肉鸡和地方品种鸡肉质及风味的影响,卢庆萍;文杰;张宏福;董亚维;王启军,畜牧兽医学报,2009/2/15,期刊,22,433,
20132,不同ω6/ω3多不饱和脂肪酸日粮对AA肉鸡脂多糖免疫应激的影响,英永;陈继兰;郑麦青;齐珂珂;李晓明;文杰;赵桂苹,中国畜牧兽医,2008/12/20,期刊,8,236,
20133,日粮能量水平对北京油鸡IMF双向选择系生产性能及肉质的影响,刘蒙;陈继兰;文杰;赵桂萍;齐珂珂;郑麦青,中国畜牧兽医学会动物营养学分会第十次学术研讨会论文集,2008/10/1,中国会议,0,48,
20134,维生素E对北京油鸡肉品质及脂类代谢相关基因表达的影响,李文娟;赵桂萍;陈继兰;郑麦青;文杰,中国畜牧兽医学会动物营养学分会第十次学术研讨会论文集,2008/10/1,中国会议,2,129,
20135,日粮ω6/ω3对北京油鸡肉品质、脂类代谢及脂肪酸组成的影响,齐珂珂;赵桂萍;陈继兰;郑麦青;文杰,中国畜牧兽医学会动物营养学分会第十次学术研讨会论文集,2008/10/1,中国会议,2,90,
20136,饲养方式对河田鸡脂肪代谢的影响,杨烨;文杰;陈继兰;赵桂苹;方桂友;冯玉兰;李忠荣,畜牧兽医学报,2008/8/15,期刊,35,322,
20137,环境高温对两品种肉鸡生长、胴体性状及脂肪沉积的影响,卢庆萍;文杰;张宏福,畜牧兽医学报,2008/6/15,期刊,15,297,
20138,北京油鸡与白莱航蛋鸡产蛋规律差异研究,李健;赵桂苹;郑麦青;文杰;陈继兰,中国家禽,2008/6/5,期刊,15,234,
20139,鸡肌内脂肪双向选择对脂肪性状及相关基因mRNA表达的影响,李冬立;文杰;赵桂苹;郑麦青;陈继兰,畜牧兽医学报,2008/1/15,期刊,23,368,
20140,中国北京油鸡和引进白来航蛋鸡免疫性状的比较,吴春梅;赵桂苹;文杰;陈继兰;郑麦青;陈国宏,畜牧兽医学报,2007/12/15,期刊,22,329,
20141,轻型蛋鸡啄癖问题分析及解决办法,仇宝琴;文杰;李相杰,中国禽业导刊,2007/11/10,期刊,0,32,
20142,"反10,顺12共轭亚油酸对肉仔鸡肉品质和相关酶活性的影响",张广民;文杰;陈继兰,中国家禽,2007/9/5,期刊,3,84,
20143,日粮维生素E对北京油鸡肌肉抗氧化水平及脂肪酸组成的影响,李文娟;文杰;陈继兰;赵桂苹;郑麦青,家禽营养与饲料科技进展——第二届全国家禽营养与饲料科技研讨会论文集,2007/9/1,中国会议,0,68,
20144,脂肪型脂肪酸结合蛋白基因多态性与鸡肉品质性状的关系研究,叶满红;文杰;曹红鹤;李宏滨;陈继兰;赵桂苹;郑麦青,畜牧兽医学报,2007/6/15,期刊,46,458,
20145,"反10,顺12共轭亚油酸对肉仔鸡肉品质和相关酶活的影响",张广民;文杰;陈继兰;赵桂苹;郑麦青,畜牧兽医学报,2007/5/15,期刊,2,260,
20146,北京油鸡不同组合杂交性能的研究,李冬立;陈继兰;文杰;赵桂苹;郑麦青;李健,中国家禽,2007/3/20,期刊,14,219,
20147,优质鸡肉质性状相关关系的研究,方桂友;李忠荣;冯玉兰;文杰;陈继兰;谢新东;缪伏荣;杨烨,福建农业学报,2006/9/30,期刊,11,266,
20148,共轭亚油酸对北京油鸡肉品质及血清leptin和脂蛋白脂酶的影响,张广民;文杰;陈继兰;赵桂苹;郑麦青,中国饲料,2006/8/5,期刊,22,270,
20149,鸡H-FABP和A-FABP基因表达与肌内脂肪含量相关研究,李文娟;李宏宾;文杰;陈继兰;赵桂苹;郑麦青,畜牧兽医学报,2006/5/30,期刊,156,1533,
20150,优质鸡肉质性状相互关系的研究,杨烨;文杰;陈继兰;冯玉兰;谢新东;缪伏荣;李忠荣,食品科学,2006/5/15,期刊,21,221,
20151,鸡A-FABP基因多态性分析及其与脂肪性状的相关研究,罗桂芬;陈继兰;文杰;赵桂苹;郑麦青;孙世铎,遗传,2006/1/30,期刊,120,683,
20152,黄羽肉鸡色素沉积规律研究,赵芸君;文杰;陈继兰;赵桂苹;郑麦清;雒秋江,中国家禽,2005/12/30,期刊,8,285,
20153,6个鸡种AMPD1基因PCR-RF-SSCP分析,"柴丽娟,储明星,文杰,陈继兰,赵桂苹,郑麦青,刘文忠,周忠孝",安徽农业大学学报,2005/12/25,期刊,14,228,
20154,北京油鸡品种资源特性描述,赵桂苹;陈继兰;文杰;郑麦青;李小华,中国家禽,2005/12/10,期刊,27,304,
20155,北京油鸡AMPD1基因多态性及其与肌苷酸含量关系的研究,"柴丽娟,储明星,文杰,陈继兰,赵桂苹,郑麦青,刘文忠,周忠孝",畜牧兽医学报,2005/11/25,期刊,23,306,
20156,鸡肉肌苷酸和肌内脂肪沉积规律研究,"陈继兰,文杰,王述柏,赵桂苹,郑麦青,李小华",畜牧兽医学报,2005/8/25,期刊,113,911,
20157,北京油鸡蛋胚贮存时间与体外成纤维细胞生长状况相关性研究,"于太永,关伟军,马月辉,文杰,杨公社",中国畜牧兽医,2005/5/20,期刊,2,67,
20158,鸡AMPD1基因PCR-SSCP分析与相关性状的研究,"罗桂芬,陈继兰,孙世铎,文杰,赵桂萍,孙志杰",黑龙江畜牧兽医,2005/4/10,期刊,30,288,
20159,北京油鸡胚胎成纤维细胞系建立与生物学特性研究,"周向梅,马月辉,关伟军,文杰,李晗",畜牧兽医学报,2005/3/25,期刊,35,427,
20160,不同贮藏条件对北京油鸡肌肉鲜味化合物含量的影响研究,"王述柏,文杰,陈继兰,赵桂平",中国畜牧兽医,2004/8/20,期刊,19,190,
20161,营养与鸡肉产品质量,文杰,动物营养研究进展论文集,2004/6/30,中国会议,0,200,
20162,北京油鸡胚胎成纤维细胞系建立与生物学特性研究(英文),周向梅;马月辉;关伟军;文杰,全国首届动物生物技术学术研讨会论文集,2004/5/1,中国会议,0,32,
20163,肌苷酸的遗传研究进展,"陈继兰,文杰",中国家禽,2003/12/30,期刊,2,150,
20164,日粮核黄素水平对热应激条件下肉仔鸡生产性能的影响,"王丹莉,张敏红,文杰,杜荣,谢鹏,郑姗姗",动物营养学报,2003/11/30,期刊,20,246,
20165,北京油鸡和矮脚鸡心脏型、脂肪型脂肪酸结合蛋白基因多态性的研究,"叶满红,曹红鹤,文杰,李宏滨,陈继兰,赵桂萍",畜牧兽医学报,2003/9/23,期刊,70,288,
20166,日粮核黄素水平对热应激条件下肉仔鸡免疫机能的影响,"王丹莉,张敏红,文杰,杜荣,谢鹏,郑姗姗",动物营养学报,2003/8/30,期刊,17,213,
20167,dw基因的研究与我国优质肉鸡产业化育种新进展,"李东,文杰,陈印权,沈建辉,贾景全,陈紫康",中国禽业导刊,2003/3/25,期刊,2,278,
20168,0-2周龄肉仔鸡营养参数及饲料配制技术研究,文杰;王和民;林济华;周毓平,广东省农业科学院畜牧研究所;中国农业科学院饲料研究所;中国农业大学动物科技学院;中国农业科学院畜牧研究所;湖南省农业大学畜牧水产系,2003/1/1,科技成果,0,1,
20169,肉品质的营养调控途径,文杰,饲料营养研究进展——中国畜牧兽医学会动物营养学分会第四届全国饲料营养学术研讨会论文集,2002/10/1,中国会议,1,184,
20170,维生素C对热应激状态下肉仔鸡生产性能及维生素C合成能力的影响,"文杰,林济华,高宇清",畜牧兽医学报,2000/11/23,期刊,79,531,
20171,硫酸盐抑制肉鸡粪便氨气释放效果研究,张丽杰;田丰;丁露雨;王朝元;梁超;童勤,中国家禽,2023/2/24,期刊,0,130,
20172,立体栖架散养蛋鸡行为加速度信号降噪方法比较分析,胡乾;聂路玮;王朝元,中国农业大学学报,2022/9/8,期刊,0,137,
20173,融合多环境参数的鸡粪氨气排放预测模型研究,丁露雨;吕阳;李奇峰;王朝元;余礼根;宗伟勋,农业机械学报,2022/3/18,期刊,2,868,
20174,规模化家禽饲养场流感防控设施设备配置要求,施正香;李保明;张雅惠;赵小丽;王朝元;施振旦;王宝维;陈刚;赵淑梅;童勤;郑炜超;王盼柳;李大鹏,国家市场监督管理总局;国家标准化管理委员会,2022/3/9,国家标准,0,0,
20175,规模化家禽饲养场流感防控环境管理技术规范,李保明;施正香;毕颖慧;苏美丞;赵芙蓉;王朝元;施振旦;王宝维;陈刚;赵淑梅;童勤;郑炜超;李绚阳,国家市场监督管理总局;国家标准化管理委员会,2022/3/9,国家标准,0,0,
20176,蛋鸡舍臭气组成及不同管理措施对臭气特性的影响,刘羽;张国强;荣莉;王朝元;滕光辉,农业工程学报,2021/12/8,期刊,1,360,
20177,畜禽养殖智能装备与信息化技术研究进展,李保明;王阳;郑炜超;王朝元,华南农业大学学报,2021/8/24,期刊,27,1860,
20178,蛋鸡舍热湿环境参数全年逐时动态预测模型,梁超;尹欢欢;李保明;王朝元,农业工程学报,2021/4/23,期刊,7,467,
20179,笼养和栖架养殖模式下蛋鸡的发声特征,宗超;曹晏飞;曹孟冰;高锦浩;李书磊;刘慕霖;滕光辉;王朝元,农业工程学报,2021/3/23,期刊,8,300,
20180,家禽粪便管理过程中氨气减排技术研究进展,李奇峰;田丰;丁露雨;王朝元;余礼根;高荣华;马为红;姚春霞,家畜生态学报,2020/9/15,期刊,9,504,
20181,畜舍自然通风理论分析与通风量估算,丁露雨;鄂雷;李奇峰;姚春霞;王朝元;余礼根;高荣华;马为红;郑文刚;于沁杨,农业工程学报,2020/8/8,期刊,13,758,
20182,基于雷达图的蛋鸡舍综合环境舒适度评价及应用,杜欣怡;滕光辉;杜晓冬;刘慕霖;王朝元,农业工程学报,2020/8/8,期刊,14,567,
20183,规模化立体高效养鸡装备及环境控制关键技术研发应用,李保明;施正香;滕光辉;陈刚;赖成幕;袁正东;王朝元;周东;黄仁录;郑树利,中国农业大学;广州广兴牧业设备集团有限公司;山东民和牧业股份有限公司;北京德青源农业科技股份有限公司;青岛大牧人机械股份有限公司;河北农业大学,2018/1/9,科技成果,0,19,
20184,蛋鸡舍冬季CO2浓度控制标准与最小通风量确定,王阳;王朝元;李保明,农业工程学报,2017/1/23,期刊,38,809,
20185,垃圾填埋场封场综合处理技术,张玲;姚力;汤垚捷;王朝元;李扬;卢育红;张艳;陈正富;吴洪涛;罗培霄,湖北益通建设股份有限公司;湖北益通建设股份有限公司,2017/1/19,科技成果,0,23,
20186,畜禽舍便携式空气质量检测仪开发与验证,饶光辉;王朝元;李宗洋;鲁煜建;施正香,第八届全国畜牧兽医青年科技工作者学术研讨会论文集,2016/11/15,中国会议,0,19,
20187,影响静态箱法测量畜禽场温室气体N2O排放速率准确性的关键因素试验研究,刘羽;王紫昕;王朝元;施正香,第八届全国畜牧兽医青年科技工作者学术研讨会论文集,2016/11/15,中国会议,0,76,
20188,从欧洲精准畜牧业研讨会看蛋鸡精准养殖技术的研究进展,李保明;王朝元;杨柳,中国家禽,2016/2/10,期刊,15,517,
20189,蛋种鸡场中性电解水带鸡喷雾消毒试验研究,郑炜超;李保明;尚宇超;王朝元;杨战勇;曹薇,农业工程学报,2010/9/30,期刊,38,482,
20190,羟基磷灰石陶瓷结晶度对成骨细胞活性的影响研究,刘介;王丽君;李俊;宋超;王朝元,中国中医骨伤科杂志,2010/4/15,期刊,5,256,
20191,中性电解水对鸡蛋表面的清洗灭菌效果,朱志伟;李保明;李永玉;尚宇超;王朝元;曹薇,农业工程学报,2010/3/31,期刊,32,610,
20192,中性电解水在肉鸡舍内消毒中的应用研究,南松剑;曹薇;尚宇超;冀盈盈;崔晓东;王朝元;施正香;李保明;周东;隋锡兰,中国畜牧兽医学会2009学术年会论文集（下册）,2009/10/11,中国会议,1,47,
20193,中性电解水的制备及其贮藏稳定性研究,尚宇超;李保明;冀盈盈;崔晓东;王朝元;曹薇,纪念中国农业工程学会成立30周年暨中国农业工程学会2009年学术年会（CSAE 2009）论文集,2009/8/22,中国会议,2,261,
20194,蛋鸡栖架式舍饲散养系统研究进展,刘华巧;李保明;王朝元,纪念中国农业工程学会成立30周年暨中国农业工程学会2009年学术年会（CSAE 2009）论文集,2009/8/22,中国会议,3,202,
20195,规模化养鸡环境控制技术的主要成就与发展趋势,李保明;王朝元,中国家禽,2008/9/5,期刊,39,1068,
20196,密闭式平养鸡舍纵向通风的数值模拟,李文良;施正香;王朝元,中国农业大学学报,2007/12/15,期刊,70,513,
20197,美国大型蛋鸡舍空气质量综合测试与分析,王朝元,2007年中国农业工程学会学术年会论文摘要集,2007/8/1,中国会议,0,106,
20198,不同来源豆粕的肉仔鸡标准回肠氨基酸消化率研究,孙征;叶晓梦;廖秀冬;张丽阳;赵峰;王钰明;冯京海;萨仁娜;解竞静;吕林,中国畜牧杂志,2022/10/31,期刊,1,488,
20199,鸡体内小肠液和模拟小肠液对饲料蛋白质消化的比较研究,徐蔼宣;于耀;王钰明;解竞静;邹轶;谭会泽;黄艳玲;赵峰,动物营养学报,2021/12/24,期刊,3,570,
20200,去盲肠法、套管法和屠宰法测定鸡饲粮氨基酸表观消化率的比较,陈将;于耀;邹轶;杜中原;王钰明;谭会泽;刘松柏;曾述礼;贺喜;赵峰,动物营养学报,2021/4/21,期刊,2,343,
20201,夜鸡鸣,赵峰,江苏通信,2016/12/15,期刊,0,11,
20202,鸡内源总能的变异及其对饲料原料真代谢能值的影响,杨霞;党方昆;赵峰;李珂;张虎;王钰明;李黛琳;尹丽婷;张宏福,动物营养学报,2016/6/28,期刊,4,240,
20203,果寡糖对黄羽肉鸡种鸡产蛋性能、血清生化指标和饲粮养分代谢率的影响,赵峰;蒋芳;夏中生;黄建烨;仵天培;农志坚;於豪,粮食与饲料工业,2014/6/15,期刊,12,250,
20204,基于单胃动物仿生消化系统的鸡仿生消化法测定饲料酶水解物能值变异程度的研究,赵峰;米宝民;任立芹;王钰明;张宏福,动物营养学报,2014/6/5,期刊,25,603,
20205,鸡传染性法氏囊病的诊断与防治,赵峰,北方牧业,2014/4/5,期刊,0,34,
20206,排空强饲法测定鸡饲粮表观代谢能值的灵敏度与置信限,王美琴;赵峰;贾刚;刘成玲;王钰明;张宏福,动物营养学报,2013/7/31,期刊,5,360,
20207,排空强饲法测定鸡饲料表观代谢能值的变异程度及其来源,米宝民;赵峰;谭会泽;任立芹;赵江涛;张宏福;杨琳,动物营养学报,2012/11/15,期刊,15,539,
20208,基于T型套管瘘术的鸡小肠食糜流量变异规律的研究,张建智;赵峰;张宏福;王洪荣,动物营养学报,2011/4/26,期刊,8,178,
20209,抗草甘膦转基因豆粕对肉仔鸡肠黏膜免疫的影响,谭建庄;刘莎莎;孙哲;张宏福;卢庆萍;萨仁娜;赵峰;杨晓光,动物营养学报,2011/4/26,期刊,11,355,
20210,仿生消化系统模拟鸡饲料消化的适宜水解时间的研究,刘雨田;赵峰;张宏福;郑卫宽;王永军,动物营养学报,2010/10/15,期刊,12,508,
20211,黄河三角洲莱芜黑鸡林地规模化生态放养模式研究,张兵;冯松魁;高清华;赵舰;徐大伟;高鹏;赵峰;徐新建;高传庆;王娟;刘长明;刘建华;杨涛,山东滨州博海科技研发中心,2010/3/29,科技成果,0,1,
20212,重组白细胞介素-2对固始鸡免疫机能的影响,张怀;高春生;蒋媛媛;赵峰;肖传斌,中国畜牧兽医,2009/7/20,期刊,11,73,
20213,白细胞介素2对固始鸡十二指肠黏膜免疫增强作用,张书松;刘忠虎;康相涛;赵峰;肖传斌,中国兽医学报,2009/7/15,期刊,14,212,
20214,父母代固始鸡十二指肠的发育形态学观察,刘忠虎;白晓辉;康相涛;袁文菊;赵峰;肖传斌,中国兽医学报,2008/10/15,期刊,18,160,
20215,5-羟色胺受体在固始鸡和乌鸡消化道内分布的研究,刘忠虎;康相涛;赵峰;袁文菊;肖传斌,中国畜牧兽医学会动物解剖学及组织胚胎学分会第十五次学术研讨会论文集,2008/8/1,中国会议,0,52,
20216,白细胞介素2对固始鸡十二指肠黏膜免疫增强作用的研究,张书松;康相涛;赵峰;袁文菊;肖传斌,中国畜牧兽医学会动物解剖学及组织胚胎学分会第十五次学术研讨会论文集,2008/8/1,中国会议,0,38,
20217,重组白细胞介素-2（IL-2）对固始鸡免疫机能和分泌型免疫球蛋白（SIgA）表达影响的研究,赵峰,河南农业大学,2008/6/1,硕士,8,353,
20218,父母代固始鸡小肠的生长发育规律,张书松;李明;白晓辉;康相涛;袁文菊;赵峰;刘忠虎;肖传斌,中国兽医学报,2008/4/15,期刊,16,137,
20219,白细胞介素2对固始鸡空肠中SIgA分泌的影响,刘诗柱;赵峰;肖传斌,河南农业科学,2007/12/15,期刊,19,138,
20220,父母代固始鸡十二指肠的发育形态学观察,张书松;李建华;白晓辉;康相涛;袁文菊;赵峰;肖传斌,西北农林科技大学学报(自然科学版),2007/9/25,期刊,2,148,
20221,父母代固始鸡空肠的发育形态学研究,赵峰;康相涛;白晓辉;袁文菊;肖传斌,家畜生态学报,2007/9/15,期刊,13,85,
20222,25周龄固始鸡消化器官的观测,张书松;袁文菊;白晓辉;赵峰;肖传斌,中国畜牧兽医学会动物解剖学及组织胚胎学分会第十四次学术研讨会论文集,2006/8/1,中国会议,0,23,
20223,父母代固始鸡十二指肠的发育形态学观察,白晓辉;徐亚平;袁文菊;赵峰;肖传斌,中国畜牧兽医学会动物解剖学及组织胚胎学分会第十四次学术研讨会论文集,2006/8/1,中国会议,0,32,
20224,养殖场鸡只均匀度的控制与计算,张庆华;郝盈;赵峰;孙超君,养禽与禽病防治,2006/3/5,期刊,0,40,
20225,浅谈肉种鸡断喙,"郝盈,张庆华,赵峰,孙超君",养禽与禽病防治,2005/5/25,期刊,0,34,
20226,鸡球虫病的发育史及控制,"孙超君,郝盈,张庆华,王向东,赵峰",畜牧兽医杂志,2005/4/10,期刊,2,140,
20227,减少饲料浪费  提高养鸡经济效益,赵峰,河南畜牧兽医,2002/2/15,期刊,0,10,
20228,鸡和鸭对山苍子果渣养分和能量利用率的研究,张旭;姚亚铃;李闯;黄璇;蒋桂韬;周望平;戴求仲,中国畜牧杂志,2020/2/6,期刊,2,238,
20229,甘油浓度与冷冻速率对鸡细管冻精质量的影响,阳小胡;孙鏖;贾杏林;朱立军;蒋桂韬;燕海峰,家畜生态学报,2018/5/15,期刊,9,188,
20230,蛋白酶对1～21日龄肉仔鸡生长性能、血清生化指标及抗氧化功能的影响,侯振平;蒋桂韬;吴端钦;刘延杰;陈宁波;王郝为;戴求仲,饲料工业,2017/7/25,期刊,15,233,
20231,鸡精液稀释打击影响因素及其应用价值分析,张晓华;孙鏖;朱立军;蒋桂韬;戴求仲;张钦;燕海峰,中国家禽,2017/1/10,期刊,13,141,
20232,饲养管理需重视,张旭;蒋桂韬;李昊帮,湖南农业,2016/3/1,期刊,0,14,
20233,肉鸡优质高产养殖技术(1)  品种选择对肉鸡高产的影响,张旭;蒋桂韬;王向荣,湖南农业,2015/7/1,期刊,3,111,
20234,家禽精液保存技术研究进展,李闯;黄璇;蒋桂韬;孙鏖;戴求仲;龚炎长;彭秀丽,湖南畜牧兽医,2014/12/15,期刊,7,468,
20235,植酸酶对肉鸡胫骨指标和钙磷利用率的影响,张旭;蒋桂韬;王向荣;李昊帮;戴求仲,饲料博览,2012/12/25,期刊,2,170,
20236,益生菌类饲料添加剂及其在肉鸡养殖中的应用,林谦;宾石玉;戴求仲;蒋桂韬;王向荣;张旭;张建华;王照群,饲料博览,2012/9/25,期刊,3,306,
20237,植酸酶对肉仔鸡生产性能和钙磷消化率的影响,张旭;谢小红;蒋桂韬;王向荣;胡艳;李昊帮;戴求仲,家畜生态学报,2012/7/15,期刊,11,171,
20238,梯度回归法和差量法测定湘黄鸡不同钙源真消化率的研究,胡艳;胡海波;张石蕊;蒋桂韬;陈福华;戴求仲,家畜生态学报,2009/11/15,期刊,2,106,
20239,0～21日龄湘黄鸡真可消化钙需要量研究,胡艳;胡海波;张石蕊;蒋桂韬;陈福华;戴求仲;李彩军,家畜生态学报,2009/9/15,期刊,7,73,
20240,细菌性木聚糖酶对21～49日龄黄羽肉仔鸡生产性能的影响,蒋桂韬;张石蕊;戴求仲;李彩军;陈福华;周利芬,中国饲料,2009/4/20,期刊,8,109,
20241,1～21日龄湘黄鸡真可消化钙需要量研究,戴求仲;胡海波;张石蕊;蒋桂韬;胡艳;陈福华,中国畜牧兽医学会动物营养学分会第十次学术研讨会论文集,2008/10/1,中国会议,1,30,
20242,小麦型日粮添加不同来源木聚糖酶对黄鸡内源酶活性及血液生化指标的影响,蒋桂韬;戴求仲;周利芬;王向荣,中国畜牧兽医学会动物营养学分会第十次学术研讨会论文集,2008/10/1,中国会议,1,56,
20243,28～56日龄湘黄鸡真可消化钙需要量的研究,胡海波;张石蕊;戴求仲;蒋桂韬;胡艳;陈福华,家畜生态学报,2008/9/15,期刊,10,79,
20244,日粮直/支链淀粉比对黄羽肉仔鸡生产性能和养分利用率的影响,戴求仲;李湘;张石蕊;蒋桂韬;胡艳;陈福华,动物营养学报,2008/6/15,期刊,26,379,
20245,真可消化钙与有效磷比对湘黄鸡生长性能及血液生化指标的影响,胡海波;张石蕊;戴求仲;蒋桂韬;杨存祥,饲料工业,2008/6/5,期刊,3,111,
20246,日粮共轭亚油酸对不同性别肉仔鸡生长性能及脂肪代谢相关酶的影响,贺喜;戴求仲;张石蕊;胡艳;蒋桂韬,中国畜牧杂志,2007/11/10,期刊,7,298,
20247,日粮共轭亚油酸对两个品种肉仔鸡生长性能及脂类代谢的影响,贺喜;戴求仲;张石蕊;胡艳;蒋桂韬,动物营养学报,2007/10/15,期刊,42,333,
20248,壳聚糖饲用微生物制剂对湘黄鸡免疫指标和肠道菌群的影响,杨仕柳;戴求仲;蒋桂韬;李湘;朱吉,湖南农业大学学报(自然科学版),2006/10/30,期刊,16,342,
20249,壳聚糖微生物制剂对AA肉鸡生长性能及抗病效果的影响,杨仕柳;戴求仲;蒋桂韬,湖南饲料,2006/9/28,期刊,2,77,
20250,金壳素制剂对湘黄鸡生长性能及抗病效果的影响,蒋桂韬;李湘;戴求仲;杨仕柳,湖南畜牧兽医,2006/8/15,期刊,0,32,
20251,壳聚糖饲用微生物制剂对肉鸡性能及免疫作用的研究,杨仕柳;戴求仲;蒋桂韬;李湘;朱吉,良好农业规范与畜牧业健康发展——中国畜牧兽医学会家畜生态学分会第六届理事会暨学术研讨会论文集,2006/8/1,中国会议,0,41,
20252,壳聚糖微生物饲料添加剂对湘黄鸡生长性能及抗病效果的影响,蒋桂韬;戴求仲;杨仕柳;李湘,饲料与畜牧,2006/7/30,期刊,0,153,
20253,壳聚糖对湘黄鸡肠道菌群及生产性能的影响,杨仕柳;戴求仲;蒋桂韬;李湘,饲料研究,2006/7/7,期刊,6,162,
20254,日粮纤维水平对湘黄鸡胴体品质和内脏器官相对重量的影响,"蒋桂韬,戴求仲,胡艳",湖南饲料,2005/9/28,期刊,34,210,
20255,能量和蛋白水平对湘黄鸡生长性能及胴体品质的影响,"蒋桂韬,戴求仲,胡艳",湖南畜牧兽医,2004/10/15,期刊,14,280,
20256,乳化剂在畜禽生产中的应用进展,袁雅婷;胡贵丽;王玉诗;张石蕊;贺喜,广东饲料,2016/9/28,期刊,5,251,
20257,血根碱在不同畜禽机体内残留量评定的研究,岳龙;易孟霞;贺朝;邱磊;贺喜;张石蕊,饲料工业,2015/9/25,期刊,8,162,
20258,槲皮素的生理作用及其在鸡生产中应用研究进展,李霞;张石蕊;刘耕;袁雅婷;黄祥祥,饲料与畜牧,2015/4/15,期刊,9,384,
20259,博落回生物碱对黄羽肉鸡血液生化指标、屠宰性状和肉品质的影响,刘靖;张石蕊;贺喜;火东晓;张铖铖;武进;蔡鹏,中国畜牧兽医学会动物营养学分会第十一次全国动物营养学术研讨会论文集,2012/10/19,中国会议,3,127,
20260,博落回生物碱对黄羽肉鸡生产性能、内脏器官及肠道健康的影响,贺喜;刘靖;张石蕊;成廷水,第六次全国饲料营养学术研讨会论文集,2010/10/1,中国会议,5,181,
20261,梯度回归法和差量法测定湘黄鸡不同钙源真消化率的研究,胡艳;胡海波;张石蕊;蒋桂韬;陈福华;戴求仲,家畜生态学报,2009/11/15,期刊,2,106,
20262,共轭亚油酸在肉鸡生产中的应用,朱良;张石蕊,饲料与畜牧,2009/10/15,期刊,2,121,
20263,0～21日龄湘黄鸡真可消化钙需要量研究,胡艳;胡海波;张石蕊;蒋桂韬;陈福华;戴求仲;李彩军,家畜生态学报,2009/9/15,期刊,7,73,
20264,细菌性木聚糖酶对21～49日龄黄羽肉仔鸡生产性能的影响,蒋桂韬;张石蕊;戴求仲;李彩军;陈福华;周利芬,中国饲料,2009/4/20,期刊,8,109,
20265,1～21日龄湘黄鸡真可消化钙需要量研究,戴求仲;胡海波;张石蕊;蒋桂韬;胡艳;陈福华,中国畜牧兽医学会动物营养学分会第十次学术研讨会论文集,2008/10/1,中国会议,1,30,
20266,28～56日龄湘黄鸡真可消化钙需要量的研究,胡海波;张石蕊;戴求仲;蒋桂韬;胡艳;陈福华,家畜生态学报,2008/9/15,期刊,10,79,
20267,乳酸杆菌在畜禽生产中的应用,孙建广;贺喜;张石蕊,中国饲料,2008/9/5,期刊,2,230,
20268,日粮直/支链淀粉比对黄羽肉仔鸡生产性能和养分利用率的影响,戴求仲;李湘;张石蕊;蒋桂韬;胡艳;陈福华,动物营养学报,2008/6/15,期刊,26,379,
20269,真可消化钙与有效磷比对湘黄鸡生长性能及血液生化指标的影响,胡海波;张石蕊;戴求仲;蒋桂韬;杨存祥,饲料工业,2008/6/5,期刊,3,111,
20270,日粮共轭亚油酸对不同性别肉仔鸡生长性能及脂肪代谢相关酶的影响,贺喜;戴求仲;张石蕊;胡艳;蒋桂韬,中国畜牧杂志,2007/11/10,期刊,7,298,
20271,日粮共轭亚油酸对两个品种肉仔鸡生长性能及脂类代谢的影响,贺喜;戴求仲;张石蕊;胡艳;蒋桂韬,动物营养学报,2007/10/15,期刊,42,333,
20272,淀粉消化特性对肉仔鸡蛋白质代谢的影响,李湘;张石蕊;戴求仲,中国饲料,2006/11/5,期刊,7,227,
20273,日粮共轭亚油酸对不同品种肉仔鸡生长性能及脂类代谢影响,贺喜;戴求仲;张石蕊,动物营养与饲料研究——第五届全国饲料营养学术研讨会论文集,2006/10/1,中国会议,0,58,
20274,鸡的淀粉营养研究进展,李湘;张石蕊;戴求仲,饲料工业,2006/3/5,期刊,6,199,
20275,复合微生物发酵鸡粪对生长肥育猪生产性能的影响,易学武;张石蕊;谭新;毛湘冰;周苑桦;陈金龙,饲料世界,2006/2/10,期刊,1,110,
20276,复合微生物发酵鸡粪对生长肥育猪生产性能的影响,易学武;张石蕊;谭新;毛湘冰;周苑桦;陈金龙,江西饲料,2005/12/28,期刊,0,89,
20277,家禽腿病与营养,"罗先志,魏文贵,张石蕊",养殖技术顾问,2005/10/25,期刊,0,42,
20278,家禽腿疾与营养,罗先志;魏文贵;张石蕊,中国畜牧兽医文摘,2005/8/26,期刊,0,17,
20279,家禽腿疾与营养,"罗先志,魏文贵,张石蕊",广东饲料,2005/4/28,期刊,0,37,
20280,家禽腿疾与营养,"罗先志,魏文贵,张石蕊",家禽科学,2005/1/30,期刊,2,102,
20281,家禽腿疾与营养,"罗先志,魏文贵,张石蕊",湖南饲料,2005/1/28,期刊,0,84,
20282,微量元素铜在畜禽生产中的应用,"郑学斌,张石蕊,李冬梅",河南畜牧兽医,2004/10/5,期刊,4,164,
20283,生长抑素抑制剂——半胱胺的促生长作用机理及应用,"谢申伍,贺喜,张石蕊",饲料工业,2004/1/5,期刊,14,244,
20284,饲用糙米型饲粮对猪鸡肉蛋品质的影响,"张石蕊,田科雄,王继成,盛克松,陈仕平",湖南农业大学学报(自然科学版),2000/10/30,期刊,24,137,
20285,低蛋白日粮对肉种母鸡繁殖性能的影响,高铭坤;吕增鹏;李冬立;刘爱巧;呙于明,中国饲料,2023/11/20,期刊,0,238,
20286,植物精油对产气荚膜梭菌感染肉仔鸡肠道损伤、肠道菌群CAZy谱和eggNOG通路的影响,姜美涵;魏金涛;呙于明;郭双双;杜恩存,畜牧兽医学报,2023/2/7,期刊,3,628,
20287,玉米和小麦在AA肉鸡和北京油鸡中的能量和养分利用率比较,刘兴波;贠向隆;宁然;呙于明;聂伟,饲料工业,2022/5/23,期刊,2,318,
20288,家禽肠道健康关键营养技术,呙于明;刘丹,饲料工业,2022/1/10,期刊,7,599,
20289,不同比例豆粕组合的营养价值及肉仔鸡代谢能预测模型的建立,江秋雨;武威;呙于明;班志彬;张炳坤,动物营养学报,2021/4/20,期刊,6,575,
20290,AA肉鸡和北京油鸡早期消化器官发育规律研究,刘兴波;靳曼;宁然;呙于明;聂伟,中国畜牧杂志,2020/11/5,期刊,6,304,
20291,山银花和黄芩提取物对肉鸡生长性能、免疫器官发育及抗氧化机能的影响,吕慧源;李漠;王志明;梁伟;聂伟;呙于明,中国畜牧杂志,2020/7/24,期刊,39,817,
20292,4种常规饲料原料对同日龄北京油鸡和AA肉鸡养分生物学效价的比较研究,靳曼;吕慧源;邢坤;呙于明;聂伟,中国畜牧杂志,2020/3/5,期刊,5,409,
20293,鸡日粮中豆粕的利用与替代,呙于明,中国禽业导刊,2019/12/25,期刊,0,0,
20294,肉仔鸡对菜籽粕代谢能的评定及预测模型研究,丁鹏;黄祥祥;宋泽和;范志勇;呙于明;贺喜,畜牧兽医学报,2019/12/23,期刊,3,328,
20295,山花黄芩提取物对肉鸡生长性能、抗氧化性能及肉品质的影响,吕慧源;王志明;张海军;梁伟;王秀敏;卢亚飞;呙于明,饲料研究,2019/11/15,期刊,12,494,
20296,复合酶制剂及植物精油对感染产气荚膜梭菌肉仔鸡抗氧化及免疫指标的影响,孙秋娟;安然;呙于明,山西农业大学学报(自然科学版),2019/8/14,期刊,14,376,
20297,日粮不同锌源及锌水平对肉鸡免疫调节作用的研究,高金鑫;张贝贝;唐大智;甘利平;闫少佳;李光;呙于明,中国畜牧杂志,2019/8/10,期刊,10,407,
20298,锌指蛋白A20介导锌缓解鸡肠上皮细胞炎症反应的机制,高金鑫;李昌武;张贝贝;郭双双;袁建敏;聂伟;呙于明,动物营养学报,2019/5/15,期刊,5,439,
20299,肉仔鸡菜籽粕氨基酸标准回肠消化率的评定及预测方程的建立,丁鹏;黄祥祥;宋泽和;范志勇;呙于明;贺喜,动物营养学报,2019/2/12,期刊,5,483,
20300,饲粮中添加不同植物精油对肉仔鸡生长性能、肠道发育、免疫器官指数及屠宰性能的影响,燕磊;朱正鹏;吕尊周;安沙;王正国;呙于明;吕明斌,动物营养学报,2017/3/31,期刊,52,1081,
20301,饲喂复合脂肪酸酯及粪肠球菌对改善肉鸡早期肠道健康的影响,甘利平;李追;郭双双;呙于明,饲料研究,2016/12/7,期刊,10,321,
20302,0～3周龄肉仔鸡消化道酶发育规律的研究,安永义;周毓平;呙于明;丁角立;朱玉琴,2016北京论坛·中国畜牧饲料科技未来20年论文集,2016/3/29,中国会议,6,100,
20303,种鸡日粮中添加锌促进子代骨骼肌发育机制的研究,高静;吕增鹏;李昌武;岳云双;王凤来;呙于明,第七届中国饲料营养学术研讨会论文集,2014/10/16,中国会议,1,47,
20304,4种植物性蛋白质饲料原料在不同日龄肉仔鸡的标准回肠氨基酸消化率的比较,雷廷;呙于明;杜恩存;邵玉新,动物营养学报,2013/11/15,期刊,11,495,
20305,1～21日龄雌性肉仔鸡表观回肠可消化色氨酸需要量评定,王波;闵芝智;王永伟;王宁;黄春喜;袁建敏;呙于明,动物营养学报,2012/9/15,期刊,11,183,
20306,2011年肉鸡营养与饲料技术发展报告,周桂莲;呙于明;蔡辉益;罗绪刚;姚斌;蒋守群,第三届（2012）中国白羽肉鸡产业发展大会暨第二届全球肉鸡产业论坛会刊,2012/5/16,国际会议,0,89,
20307,褐藻酸钠寡糖对肉仔鸡感染肠炎沙门氏菌控制效果的研究,阎桂玲;呙于明;袁建敏;刘丹;张炳坤,中国畜牧兽医学会2011年学术年会论文集,2011/10/22,中国会议,1,13,
20308,羟基蛋氨酸螯合铜/锰/锌对产蛋鸡蛋壳品质、酶活及微量元素沉积的影响,孙秋娟;呙于明;张天国;温金磊,中国农业大学学报,2011/8/15,期刊,44,832,
20309,羟基蛋氨酸螯合锰在肉仔鸡日粮中的应用效果,马娅娅;Bun Sidoeun;刘丹;呙于明;曹宏;郭福存;郝正里;年芳;Mercedes V A,甘肃农业大学学报,2011/8/15,期刊,4,218,
20310,不同水平有机锰(明微矿锰)对肉鸡生长、免疫力和抗氧化活性的影响,马娅娅;Bun Sidoeun;刘丹;呙于明;曹宏;郭福存,中国家禽,2011/7/5,期刊,15,385,
20311,营养性饲料添加剂研发进展,呙于明,中国家禽,2011/5/5,期刊,4,456,
20312,1～3周龄雌性肉仔鸡精氨酸需要量,刘凤菊;呙于明;王磊,动物营养学报,2011/3/30,期刊,45,484,
20313,蒸汽压片对玉米在肉仔鸡的养分生物学效价的影响,王磊;刘凤菊;呙于明,中国饲料,2011/3/5,期刊,7,174,
20314,脂多糖(LPS)刺激对肉仔鸡生产性能及肌肉品质影响,胡骁飞;魏凤仙;呙于明,中国农业大学学报,2011/2/15,期刊,20,784,
20315,不同免疫应激对肉仔鸡生长性能、养分消化和肉品质的影响,李武林;杨小军;冯焱;呙于明;姚军虎,动物营养学报,2010/12/15,期刊,21,554,
20316,外源溶菌酶对感染坏死性肠炎肉仔鸡生长性能和肠道屏障功能的影响,刘丹;呙于明;王忠;袁建敏,第六次全国饲料营养学术研讨会论文集,2010/10/1,中国会议,0,104,
20317,种鸡日粮中多不饱和脂肪酸和维生素E对种蛋品质及后代仔鸡生理特征的影响,安胜英;呙于明;孙秋娟;李建慧;阎桂玲,第六次全国饲料营养学术研讨会论文集,2010/10/1,中国会议,3,111,
20318,日粮中添加锌对沙门氏菌攻毒肉仔鸡肠黏膜屏障功能的影响,张炳坤;呙于明,第六次全国饲料营养学术研讨会论文集,2010/10/1,中国会议,0,135,
20319,褐藻酸寡糖对肉鸡生长及免疫机能的影响,阎桂玲;呙于明,第六次全国饲料营养学术研讨会论文集,2010/10/1,中国会议,1,124,
20320,皮质酮应激对肉仔鸡生产性能及血液指标的影响,胡骁飞;呙于明,中国畜牧杂志,2010/8/10,期刊,11,298,
20321,酵母硒对肉仔鸡生长及抗热应激能力的影响,张敏;屈欢;呙于明,饲料研究,2010/7/7,期刊,33,444,
20322,溶血卵磷脂提高肉仔鸡对禽脂的表观消化率,张炳坤;李海涛;赵冬琴;呙于明,动物营养学报,2010/6/15,期刊,27,439,
20323,生理应激对肉仔鸡胴体品质及肌肉品质影响,胡骁飞;呙于明,中国农业大学学报,2010/4/15,期刊,17,394,
20324,"β-1,3-葡聚糖对感染沙门菌鸡免疫功能和肠道菌群数量的影响",王忠;强文军;呙于明;王岩屾;王莹,中国家禽,2010/3/5,期刊,29,383,
20325,蛋白酶和植酸酶联合添加降低肉仔鸡氮磷排放的研究,万振环;袁建敏;呙于明;赵剑;王忠,中国农业大学学报,2009/10/15,期刊,23,429,
20326,日粮添加PUFA对肉仔鸡抗氧化机能的影响,杨小军;贺喜;何丽霞;刘永祥;杨鹰;呙于明,中国畜牧兽医学会2009学术年会论文集（下册）,2009/10/11,中国会议,0,73,
20327,日粮PUFA对肉仔鸡肠道粘膜免疫的影响,杨小军;姚军虎;呙于明;张炳坤;袁建敏;王忠,中国畜牧兽医学会2009学术年会论文集（下册）,2009/10/11,中国会议,0,104,
20328,低磷营养状态下肉仔鸡对饲料中养分的利用,李建慧;呙于明;袁建敏;安然;赵冬琴;苗志强,中国饲料,2009/9/5,期刊,1,185,
20329,豆粕和棉粕日粮中添加α-半乳糖苷酶对肉仔鸡生长性能的影响,BUN Sidoeun;呙于明;张炳坤;袁建敏;胡骁飞;张立彬,中国畜牧杂志,2009/8/10,期刊,26,332,
20330,日粮中添加植物提取物对肉仔鸡免疫机能的影响,禚梅;呙于明;赵小刚;杜静;唐志高,中国畜牧兽医,2009/6/20,期刊,34,446,
20331,日粮中添加植物提取物对AA肉仔鸡生长性能及肠道大肠杆菌数量的影响,禚梅;呙于明;杜静;张继慧,饲料工业,2009/4/20,期刊,6,247,
20332,产蛋后备鸡、产蛋鸡和肉用仔鸡配合饲料标准粗蛋白质和氨基酸的修订,袁建敏;张炳坤;呙于明,饲料研究,2009/3/7,期刊,1,295,
20333,日粮中添加天门冬氨酸镁对肉仔鸡肝脏和腿肌脂质过氧化状态的影响,刘永祥;刘艳丽;黄炎坤;呙于明,中国畜牧兽医文摘,2008/12/26,期刊,0,51,
20334,产蛋后备鸡、产蛋鸡、肉用仔鸡配合饲料,袁建敏;张炳坤;呙于明,中华人民共和国国家质量监督检验检疫总局;中国国家标准化管理委员会,2008/11/21,国家标准,0,0,
20335,肉用仔鸡日粮中添加蛋氨酸铜、锌和锰对粪便微量元素排放的研究,袁建敏;甘冰;张天国;温金磊;呙于明,家畜生态学报,2008/11/15,期刊,23,371,
20336,产蛋后备鸡、产蛋鸡及肉用仔鸡配合饲料国家标准的修订说明——饲喂阶段、水分和粒度的修订,袁建敏;张炳坤;呙于明,饲料研究,2008/11/7,期刊,0,214,
20337,日粮锌源对肉仔鸡肝脏金属硫蛋白基因表达的影响,黎云;成廷水;呙于明,上海畜牧兽医通讯,2008/10/20,期刊,13,151,
20338,日粮蛋白质水平及有机硒补给时间对肉鸡生长性能及肌肉硒沉积的影响,李建慧;呙于明,中国农业大学学报,2008/10/15,期刊,10,331,
20339,日粮中添加天门冬氨酸镁对肉仔鸡肝脏和腿肌脂质过氧化状态的影响,刘永祥;刘艳丽;黄炎坤;呙于明,畜牧兽医学报,2008/10/15,期刊,10,194,
20340,牛磺酸对AA肉鸡消化生理和日粮脂肪酸利用的影响,袁建敏;呙于明;王忠;杨鹰;张炳坤,中国畜牧兽医学会动物营养学分会第十次学术研讨会论文集,2008/10/1,中国会议,0,80,
20341,DL-蛋氨酸及其液态羟基类似物对大肠杆菌感染下肉仔鸡生产性能和免疫反应的影响,张立彬;呙于明,中国畜牧兽医学会动物营养学分会第十次学术研讨会论文集,2008/10/1,中国会议,0,41,
20342,日粮添加不同油脂对环孢酶素A诱导免疫抑制肉仔鸡生长性能和免疫功能的影响,贺喜;杨小军;张炳坤;呙于明,中国畜牧兽医学会动物营养学分会第十次学术研讨会论文集,2008/10/1,中国会议,0,57,
20343,日粮油脂对肉仔鸡肠道黏膜T细胞分化和IL-2活性的影响,杨小军;贺喜;袁建敏;杨鹰;王忠;呙于明,中国畜牧兽医学会动物营养学分会第十次学术研讨会论文集,2008/10/1,中国会议,0,80,
20344,DL-蛋氨酸及其液体羟基类似物对大肠杆菌应激下肉仔鸡生产性能和免疫反应的影响,张立彬;呙于明,中国畜牧兽医学会动物营养学分会第十次学术研讨会论文集,2008/10/1,中国会议,0,49,
20345,液体蛋氨酸羟基类似物对肉仔鸡生产性能和免疫反应的影响,张立彬;呙于明,畜牧兽医学报,2008/9/15,期刊,29,321,
20346,日粮镁调控肉仔鸡肝脏过氧化氢酶活性途径的初步研究,刘永祥;刘艳丽;黄炎坤;刘太宇;呙于明,西北农林科技大学学报(自然科学版),2008/9/10,期刊,2,216,
20347,皮质酮应激改变了肉仔鸡的肠道形态和功能,胡骁飞;呙于明,动物营养学报,2008/8/15,期刊,20,373,
20348,肉仔鸡对不同镁源相对生物学利用率的评价,刘永祥;呙于明;刘太宇;刘艳丽;朱宽佑,西北农林科技大学学报(自然科学版),2008/8/10,期刊,1,118,
20349,肉用仔鸡日粮中添加蛋氨酸铜、锌和锰对粪便微量元素排放的研究,袁建敏;甘冰;张天国;温金磊;呙于明,中国畜牧兽医学会家畜生态学分会第七届全国代表大会暨学术研讨会论文集,2008/7/1,中国会议,1,61,
20350,日粮添加多不饱和脂肪酸对肉仔鸡抗氧化指标的影响,杨小军;贺喜;何丽霞;刘永祥;杨鹰;呙于明,动物营养学报,2008/6/15,期刊,62,793,
20351,天门冬氨酸镁的不同添加水平和饲喂时间对肉仔鸡肌肉品质的影响,刘永祥;刘艳丽;刘太宇;呙于明,中国畜牧兽医,2008/4/20,期刊,0,164,
20352,我国禽学学科发展现状及趋势,杨宁;呙于明;曲鲁江;张细权;罗绪刚,中国家禽,2008/4/5,期刊,9,498,
20353,短链脂肪酸组合对肉仔鸡消化道系统的影响,刘永祥;胡忠宏;呙于明,安徽农业科学,2008/2/1,期刊,18,341,
20354,饲粮镁对肉仔鸡生长、组织镁浓度及抗氧化功能的影响,刘永祥;呙于明,中国畜牧杂志,2007/10/10,期刊,8,225,
20355,日粮中添加不饱和油脂改善肉仔鸡脂质代谢,杨小军;杨鹰;贺喜;袁建敏;王忠;呙于明,家禽营养与饲料科技进展——第二届全国家禽营养与饲料科技研讨会论文集,2007/9/1,中国会议,1,94,
20356,多不饱和脂肪酸营养与免疫反应,呙于明;贺喜,家禽营养与饲料科技进展——第二届全国家禽营养与饲料科技研讨会论文集,2007/9/1,中国会议,1,134,
20357,日粮添加不同油脂对环磷酰胺诱导体液免疫抑制肉仔鸡免疫调控作用,贺喜;杨小军;呙于明;袁建敏;杨鹰;王忠,家禽营养与饲料科技进展——第二届全国家禽营养与饲料科技研讨会论文集,2007/9/1,中国会议,0,98,
20358,啤酒酵母甘露寡糖对肉仔鸡生长性能、肠道微生物及免疫的影响,阎桂玲;呙于明;袁建敏,家禽营养与饲料科技进展——第二届全国家禽营养与饲料科技研讨会论文集,2007/9/1,中国会议,3,149,
20359,肉仔鸡腹水综合症的营养调控,呙于明;耿爱莲,动物营养学报,2007/8/15,期刊,0,237,
20360,复合短链脂肪酸对肉仔鸡生产性能的影响及相关作用机制的探讨,刘永祥;胡忠宏;呙于明,饲料工业,2007/7/5,期刊,5,209,
20361,不同镁源相对生物学利用率的评价,刘永祥;呙于明,中国饲料,2007/7/5,期刊,1,169,
20362,日粮镁对肉仔鸡腿肌中活性氧产量的影响(英文),刘永祥;呙于明,动物营养学报,2007/6/15,期刊,1,148,
20363,低镁对肉仔鸡红细胞体外氧化应激敏感性及红细胞膜流动性的影响,刘永祥;呙于明,中国农业大学学报,2007/4/30,期刊,0,165,
20364,爱拔益加肉鸡和北京油鸡体液免疫及细胞免疫功能的比较研究,马彦博;呙于明;聂伟;袁建敏;王忠,中国畜牧杂志,2007/4/10,期刊,5,243,
20365,强化爱维灵对肉仔鸡免疫机能的调节作用研究,刘丹;呙于明;姜树林;和小明;温金磊;王忠;袁建敏,饲料研究,2007/3/7,期刊,3,76,
20366,木聚糖酶对肉仔鸡饲料代谢能的影响,何丽霞;呙于明;赵剑;袁建敏,中国农业大学学报,2006/12/30,期刊,16,404,
20367,辅酶Q10对腹水症肉鸡脂质代谢以及抗氧化能力的影响,耿爱莲;李保明;呙于明,中国畜牧杂志,2006/11/10,期刊,2,138,
20368,日粮能量和L-肉碱水平对肉鸡生长性能和腹水综合症敏感性指标的影响,李昕;呙于明,中国畜牧杂志,2006/10/10,期刊,4,159,
20369,"L-肉碱改善肉仔鸡的线粒体功能,降低腹水征敏感性",呙于明;耿爱莲,饲料营养研究进展——第五届全国饲料营养学术研讨会论文集,2006/10/1,中国会议,1,33,
20370,L-肉碱在改善肉仔鸡线粒体功能和降低腹水症敏感性方面的作用,呙于明;耿爱莲,动物营养与饲料研究——第五届全国饲料营养学术研讨会论文集,2006/10/1,中国会议,0,30,
20371,多不饱和脂肪酸对免疫抑制肉仔鸡生长和免疫器官的影响,贺喜;杨小军;呙于明,动物营养与饲料研究——第五届全国饲料营养学术研讨会论文集,2006/10/1,中国会议,1,101,
20372,"日粮中添加β-1,3／1,6-葡聚糖对肉仔鸡免疫及抗氧化功能的影响",张博;呙于明;杨鹰;袁建敏,动物营养与饲料研究——第五届全国饲料营养学术研讨会论文集,2006/10/1,中国会议,0,86,
20373,共轭亚油酸对肉仔鸡体组成和肉品品质的影响,张海军;呙于明;袁建敏,中国饲料,2006/9/20,期刊,15,229,
20374,木寡糖对肉仔鸡生长性能、肠道生理学和形态学指标的影响,吴媛媛;呙于明;王忠;聂伟,中国农业大学学报,2006/8/30,期刊,31,437,
20375,爱拔益加(AA)肉鸡和北京油鸡红细胞免疫以及黏膜免疫功能的比较研究,马彦博;呙于明;袁建敏;王忠;聂伟,畜牧与兽医,2006/8/10,期刊,7,165,
20376,爱拔益加肉鸡和北京油鸡免疫器官功能及巨噬细胞活性的比较研究,马彦博;呙于明;袁建敏;王忠;聂伟,饲料工业,2006/8/5,期刊,26,235,
20377,辅酶Q10对肉仔鸡生产性能的影响以及对腹水症的敏感性研究,"耿爱莲,呙于明,袁建敏,杨鹰",畜牧兽医学报,2005/1/25,期刊,8,212,
20378,日粮共轭亚油酸对肉仔鸡生长性能、淋巴细胞转化率、抗体水平及血清溶菌酶活性的影响,"张海军,呙于明,袁建敏",中国畜牧杂志,2005/1/20,期刊,31,454,
20379,蛋公鸡和肉仔鸡蛋白消化酶活性及饲料氨基酸消化率的比较研究,袁建敏;呙于明,中国农业大学动物科技学院,2005/1/1,科技成果,0,4,
20380,铜、铬营养及其互作对产蛋鸡脂类代谢的调节作用,"魏磊磊,呙于明,袁建敏",中国家禽,2004/10/25,期刊,12,197,
20381,共轭亚油酸对肉仔鸡生长性能、脂质代谢和体组成的影响,张海军;呙于明;袁建敏,中国畜牧兽医学会动物营养学分会——第九届学术研讨会论文集,2004/8/1,中国会议,0,31,
20382,产蛋后备鸡、产蛋鸡、肉用仔鸡配合饲料,袁建敏;呙于明,中华人民共和国国家质量监督检验检疫总局;中国国家标准化管理委员会,2004/6/9,国家标准,0,5,
20383,有机镁饲用时间对肉仔鸡抗氧化机能的影响,"邱榕生,呙于明,袁建敏",中国畜牧杂志,2004/5/20,期刊,11,161,
20384,β-葡聚糖对肉仔鸡生产性能及免疫功能的影响,"李志清,呙于明,袁建敏,聂伟",中国家禽,2004/5/10,期刊,43,391,
20385,蛋公鸡强饲法评估非淀粉多糖酶对肉仔鸡日粮表观代谢能值的作用效果,"贾巍,呙于明,袁建敏",中国畜牧杂志,2004/1/20,期刊,20,294,
20386,北京红鸡饲粮适宜非植酸磷水平的研究,"丁保安,罗绪刚,呙于明",中国畜牧杂志,2004/1/20,期刊,13,113,
20387,小麦日粮中添加木聚糖酶对肉仔鸡生产性能和养分消化率的影响,"王海英,呙于明,袁建敏",粮食与饲料工业,2003/12/20,期刊,48,262,
20388,小麦日粮中添加木聚糖酶对肉仔鸡生产性能的影响,"王海英,呙于明,袁建敏",饲料研究,2003/12/10,期刊,73,351,
20389,有机镁与有机硒对肉鸡机体组织抗氧化机能的影响,"邱榕生,呙于明",畜牧兽医学报,2003/11/23,期刊,83,482,
20390,小麦日粮中木聚糖酶和植酸酶对肉仔鸡生长和养分消化率的影响,"彭玉麟,呙于明,袁建敏",动物营养学报,2003/8/30,期刊,88,647,
20391,早期限饲对肉仔鸡蛋白质周转代谢的影响,"李玉欣,呙于明",中国农业大学学报,2003/6/30,期刊,17,207,
20392,生长早期不同能量、蛋白限饲水平对肉仔鸡补偿生长的影响,"李玉欣,呙于明,曹兵海,袁建敏,聂伟",中国畜牧杂志,2003/5/19,期刊,29,364,
20393,"β-1,3/1,6-葡聚糖对肉仔鸡生产性能和免疫功能的影响","刘影,呙于明,袁建敏,聂伟",中国农业大学学报,2003/2/28,期刊,75,475,
20394,异麦芽寡糖对肉仔鸡生产性能及肠道生理生化指标的影响,"张丞,呙于明,李武",河北畜牧兽医,2003/2/28,期刊,8,149,
20395,群体有益微生物饲料添加剂在肉鸡中的应用效果,"翟维,呙于明,袁建敏,曹兵海",饲料研究,2003/2/10,期刊,7,218,
20396,非淀粉多糖酶和植酸酶对肉仔鸡生长性能和养分利用性的影响,"彭玉麟,呙于明",中国畜牧杂志,2002/11/19,期刊,35,260,
20397,异麦芽寡糖对肉仔鸡生产性能及肠道生理生化指标的影响,"张丞,呙于明,李武",中国畜牧杂志,2002/9/19,期刊,25,197,
20398,益生素发酵饲料对肉仔鸡生产性能和肉质的影响,翟维;呙于明;袁建敏;曹兵海,第四届全国饲料营养学术研讨会论文集,2002/6/30,中国会议,1,146,
20399,植酸酶和非淀粉多糖酶对肉仔鸡生长和消化性能的影响,彭玉麟;呙于明;袁建敏;曹兵海;聂伟,第四届全国饲料营养学术研讨会论文集,2002/6/30,中国会议,0,47,
20400,采用不同衡量指标及数学模型估测3～6周龄雌性肉仔鸡赖氨酸需求参数的研究,"刘升军,呙于明",畜牧兽医学报,2002/5/23,期刊,22,188,
20401,鸡卵黄免疫球蛋白在畜禽生产中的应用前景,"彭玉麟,呙于明",中国饲料,2002/3/23,期刊,13,166,
20402,微量元素铜影响肉仔鸡免疫功能剂量效应的研究,"吴建设,呙于明,杨汉春,周毓平",动物营养学报,2002/2/28,期刊,77,413,
20403,中型褐壳产蛋鸡饲粮非植酸磷适宜水平的研究,"罗绪刚,丁保安,刘彬,邵桂芝,郭修泉,廖纪朝,苏琪,高福森,余顺祥,呙于明",畜牧兽医学报,2002/1/23,期刊,11,173,
20404,维生素E的生物学功能及在养鸡生产中的应用,"袁建敏,呙于明",中国动物保健,2001/6/15,期刊,8,143,
20405,日粮蛋氨酸及赖氨酸水平对雌性肉仔鸡胴体组成的影响,"刘升军,呙于明",中国畜牧杂志,2001/3/19,期刊,64,247,
20406,蛋公鸡和肉仔鸡蛋白消化酶活性及饲料氨基酸消化率的比较研究,"袁建敏,呙于明",中国农业大学学报,2001/2/28,期刊,53,340,
20407,非淀粉多糖的营养生理作用,"杨人奇,呙于明",中国饲料,2001/1/8,期刊,33,551,
20408,肉仔鸡对若干国产原料的氨基酸消化率,"邝贤斌,呙于明",动物营养学报,2000/11/30,期刊,18,185,
20409,一种快速挖掘鸡品种特征性SNP标记集合的方法,白露;王梦杰;马小春;何政肖;谭晓冬;刘杰;赵桂苹;文杰;刘冉冉,畜牧兽医学报,2023/5/31,期刊,1,229,
20410,鸡木质化胸肌组织学特征及分子调控通路改变研究,白露;王梦杰;马小春;何政肖;孔富丽;刘大伟;营凡;朱丹;赵桂苹;文杰;刘冉冉,畜牧兽医学报,2023/2/23,期刊,1,285,
20411,磁珠法提取鸡血液基因组DNA效果研究,王希彩;白露;孙嘉宏;谭晓冬;李韦;孔富丽;赵桂苹;文杰;刘冉冉,中国家禽,2022/12/2,期刊,1,536,
20412,利用加权基因共表达网络分析筛选天农麻鸡胴体性状候选基因,赵迪;康慧敏;谭晓冬;刘冉冉;张正芬;李华;赵桂苹,畜牧兽医学报,2022/4/21,期刊,2,333,
20413,基于表型和基因组信息评价北京油鸡保种群保种情况,王海龙;王巧;邢思远;王杰;李庆贺;郑麦青;崔焕先;刘冉冉;赵桂苹;文杰,畜牧兽医学报,2021/9/23,期刊,8,326,
20414,京星黄鸡103与北京油鸡屠体性能及肉品质比较,孙研研;宗云鹤;麻慧;刘冉冉;李云雷;倪爱心;石雷;王攀林;葛平壮;陈超;文杰;陈继兰,中国畜牧兽医,2020/10/19,期刊,10,274,
20415,鸡种质资源培育与创新利用,文杰;赵桂苹;刘冉冉;郑麦青;崔焕先;李庆贺;刘继强;冯甫荣,中国农业科学院北京畜牧兽医研究所;北京康普森生物技术有限公司;佛山市高明区新广农牧有限公司,2020/6/24,科技成果,0,9,
20416,鸡肌内脂肪沉积相关候选基因筛选,李京徽;邢思远;王希彩;李庆贺;赵桂苹;张永宏;文杰;刘冉冉,中国畜牧兽医,2020/6/17,期刊,8,667,
20417,基于BLUP和GBLUP方法估计北京油鸡胴体和肉质性状遗传参数的差异,李晶;王杰;康慧敏;刘冉冉;李华;赵桂苹,畜牧兽医学报,2020/1/19,期刊,18,758,
20418,沙门菌感染雏鸡调节性T细胞变化的分析,张锦;李庆贺;郑麦青;刘冉冉;崔焕先;文杰;赵桂苹,畜牧兽医学报,2019/11/19,期刊,3,189,
20419,矮脚黄鸡轻度脂肪肝对其屠宰性能和肉品质的影响,谭晓冬;刘冉冉;赵桂苹;崔焕先;李庆贺,中国畜牧兽医,2019/6/19,期刊,4,316,
20420,金陵黑凤鸡,陈智武;粟永春;杨秀荣;刘冉冉;崔焕先;韦凤英;罗佳;徐高骁;黄雄;余洋;蔡日春;沈前程;孙学高;邓继贤;翟国胜;曹孟洪;蒋受良,广西金陵农牧集团有限公司;中国农业科学院北京畜牧兽医研究所;广西壮族自治区畜牧研究所,2019/4/28,科技成果,0,5,
20421,利用IP-MS技术鉴定鸡细胞中禽流感病毒宿主互作因子,王巧;李庆贺;王菲;刘冉冉;郑麦青;崔焕先;文杰;赵桂苹,中国畜牧兽医学会2018年学术年会禽病学分会第十九次学术研讨会论文集,2018/11/21,中国会议,0,278,
20422,鸡基因组育种和保种用SNP芯片研发及应用,刘冉冉;赵桂苹;文杰,中国家禽,2018/8/10,期刊,26,1243,
20423,鸡PRR5L基因5′UTR多态性及其与脂肪性状、屠体性状的关联分析,王顺利;崔焕先;刘冉冉;李庆贺;郑麦青;文杰;赵桂苹;赵素梅,中国畜牧兽医,2018/4/20,期刊,2,206,
20424,鸡重要经济性状的功能基因组学研究,李辉;王宁;王志鹏;冷丽;王宇祥;张慧;王维世;那威;张珂;刘文利;任立明;连玲;李金秀;顾晓荣;张细权;梁少东;王亚军;罗庆斌;何丹林;刘冉冉;郑麦青;刘丽;王慧华;刘爱巧;吴桂琴;石凤英;韩文鹏;李花妮;赵丽红;宋海泉;陈思睿;李光奇;易国强;韩博;邓学梅;龙君江;赵春江;李永洙;等,东北农业大学;中国农业大学;华南农业大学;中国农业科学院北京畜牧兽医研究所;北京市华都峪口禽业有限责任公司;山东龙盛农牧集团有限公司,2018/3/28,科技成果,0,34,
20425,北京油鸡剩余采食量与屠宰性能及肉品质的相关性分析,刘杰;王杰;刘冉冉;赵桂苹;郑麦青;李庆贺;崔焕先;文杰,中国畜牧兽医,2017/9/20,期刊,11,394,
20426,利用MHC B-L基因外显子2分析部分中国地方鸡种的遗传多态性,原小雅;刘立波;郑麦青;刘冉冉;李庆贺;王巧;崔焕先;文杰;陈国宏;赵桂苹,浙江农业学报,2016/7/25,期刊,3,158,
20427,去势对北京油鸡鸡冠发育、屠宰性能及脂肪代谢的影响,崔小燕;王杰;刘杰;赵桂苹;刘冉冉;郑麦青;李庆贺;文杰,畜牧兽医学报,2016/7/19,期刊,9,637,
20428,金陵花鸡,黄雄;陈智武;韦凤英;粟永春;文杰;郑麦青;蔡日春;荆信栋;刘冉冉;孙学高;余洋;沈前程;黄超;曹孟洪,广西金陵农牧集团有限公司,2015/12/20,科技成果,0,6,
20429,鸡肝重和颜色的全基因组连锁分析,孙艳发;赵桂苹;刘冉冉;郑麦青;刘丽;李鹏;文杰,畜牧兽医学报,2015/11/11,期刊,0,154,
20430,利用iTRAQ蛋白质组技术筛选与鸡喙畸形相关的候选蛋白,刘念;孙研研;白皓;华登科;薛夫光;刘冉冉;李冬立;文杰;陈继兰,中国农业科学,2015/11/5,期刊,6,306,
20431,禽流感病毒PA-N182与鸡COPD蛋白互作的鉴定,王巧;李庆贺;刘冉冉;郑麦青;文杰;赵桂苹,畜牧兽医学报,2015/10/20,期刊,2,190,
20432,京星黄鸡白细胞介素-2基因与H/L的关联分析,赵会静;张敬敬;文杰;刘冉冉;郑麦青;李庆贺;赵桂苹,中国畜牧兽医,2015/8/20,期刊,0,119,
20433,鸡肌肉组织实时荧光定量PCR及Western杂交内参基因的筛选,王红杨;刘冉冉;赵桂苹;郑麦青;李庆贺;李鹏;刘丽;文杰,畜牧兽医学报,2015/7/15,期刊,6,729,
20434,不同品种鸡对肠炎沙门氏菌人工感染初期免疫应答反应的差异,刘璐;李建超;刘冉冉;李庆贺;文杰;常国斌;郑麦青;陈国宏;赵桂苹,畜牧兽医学报,2015/6/15,期刊,10,361,
20435,五星黄鸡BMP15基因多态性与产蛋性能关联性分析,凡文磊;刘红举;郑麦青;刘冉冉;李庆贺;文杰;赵桂苹,中国畜牧杂志,2015/6/10,期刊,11,176,
20436,北京油鸡骨骼肌SV细胞成脂诱导分化的研究,宋娇;杨烨;喻小琼;刘冉冉;赵桂苹,安徽农业科学,2015/5/18,期刊,1,105,
20437,15个鸡群体IL-2基因的遗传变异分析,赵会静;张敬敬;文杰;刘冉冉;郑麦青;李庆贺;马月辉;赵桂苹,畜牧兽医学报,2015/1/15,期刊,3,205,
20438,MYCN基因在鸡成肌细胞和胸肌组织表达及生长发育中变化,崔小燕;汪芳杰;刘冉冉;郑麦青;文杰;付睿琦;姜润深;赵桂苹,安徽农业大学学报,2014/12/25,期刊,4,279,
20439,沙门氏菌和聚肌胞处理条件下鸡免疫相关候选基因mRNA表达特性,孙艳;李建超;李鹏;郑麦青;刘冉冉;李庆贺;文杰;赵桂苹,中国农业科学,2014/9/5,期刊,1,192,
20440,叶酸对种鸡子代胚胎期脂代谢基因表达及甲基化的影响,喻小琼;刘冉冉;赵桂苹;郑麦青;李鹏;文杰,动物营养学报,2014/7/15,期刊,3,232,
20441,光照强度对北京油鸡激素分泌、生产性能及胴体性能的影响,华登科;李冬立;孙研研;唐诗;白皓;刘念;刘冉冉;郑麦青;赵桂苹;文杰;陈国宏;陈继兰,畜牧兽医学报,2014/5/15,期刊,16,519,
20442,SPF鸡人工感染肠炎沙门氏菌死亡率与TLR4基因多态性的研究,郑麦青;张之宣;李鹏;刘丽;刘冉冉;文杰;王慧华;赵桂苹,第四届（2014）中国白羽肉鸡产业发展大会暨第三届全球肉鸡产业研讨会会刊,2014/5/15,国际会议,0,45,
20443,北京油鸡生长曲线拟合与分析,付睿琦;赵桂苹;刘冉冉;黄华云;郑麦青;陈继兰;文杰,中国家禽,2014/2/5,期刊,60,558,
20444,鸡16号染色体SNP单倍型和拷贝数变异对血清IgG含量的影响,周伟;刘冉冉;郑麦青;文杰;赵桂苹;陈国宏;常国斌;张磊;孙艳发;李鹏;孙艳,畜牧兽医学报,2013/9/15,期刊,3,192,
20445,北京油鸡喙畸形性状候选基因GLA多态性的研究,白皓;陈继兰;刘冉冉;朱静;毕瑜林;唐诗;秦宁;常国斌;郑麦青;赵桂苹;文杰;陈国宏,中国畜牧杂志,2013/8/10,期刊,4,142,
20446,北京油鸡体脂分布及沉积规律研究,付睿琦;赵桂苹;刘冉冉;郑麦青;陈继兰;文杰,动物营养学报,2013/7/15,期刊,28,436,
20447,鸡NCOA7基因在成肌细胞分化和腿肌组织发育中的表达特性分析,汪芳杰;刘冉冉;郑麦青;文杰;李颖颖;刘红举;周伟;姜润深;赵桂苹,中国畜牧兽医学会家禽学分会第九次代表会议暨第十六次全国家禽学术讨论会论文集,2013/5/12,中国会议,1,64,
20448,北京油鸡喙畸形性状候选基因在畸形与正常喙组织中的差异表达分析,白皓;陈继兰;刘冉冉;朱静;毕瑜林;唐诗;秦宁;刘念;华登科;常国斌;郑麦青;赵桂苹;文杰;陈国宏,中国畜牧兽医学会家禽学分会第九次代表会议暨第十六次全国家禽学术讨论会论文集,2013/5/12,中国会议,0,53,
20449,卵泡刺激素对鸡体脂代谢影响的研究,李颖颖;赵桂苹;刘冉冉;郑麦青;陈继兰;汪芳杰;白皓;周伟;文杰,中国家禽,2013/4/20,期刊,6,200,
20450,鸡胫长和胫围的全基因组关联分析,孙艳发;刘冉冉;郑麦青;赵桂苹;张磊;吴丹;胡耀东;李鹏;文杰,畜牧兽医学报,2013/3/15,期刊,33,707,
20451,鸡体质量性状基因的全基因组关联研究,吴丹;刘冉冉;赵桂苹;郑麦青;张磊;胡耀东;文杰,畜牧兽医学报,2012/12/15,期刊,25,519,
20452,卵泡刺激素对北京油鸡脂肪代谢的影响,李颖颖;赵桂苹;刘冉冉;郑麦青;陈继兰;汪芳杰;文杰,中国畜牧兽医学会动物营养学分会第十一次全国动物营养学术研讨会论文集,2012/10/19,中国会议,0,67,
20453,不同精液稀释液对鸡种蛋受精率和健雏率的影响,刘红举;胡祖义;赵桂苹;郑麦青;文杰;刘冉冉,第三届（2012）中国黄羽肉鸡行业发展大会会刊,2012/9/9,中国会议,4,152,
20454,鸡体重性状QTL的全基因组关联研究,孙艳发;刘冉冉;郑麦青;赵桂苹;陈继兰;文杰,第三届（2012）中国黄羽肉鸡行业发展大会会刊,2012/9/9,中国会议,4,156,
20455,鸡胸腺重和脾脏重性状的全基因组关联,张磊;郑麦青;刘冉冉;文杰;吴丹;胡耀东;孙艳发;李鹏;刘丽;赵桂苹,中国农业科学,2012/8/1,期刊,13,352,
20456,SPAG6基因多态性对种公鸡精液品质和性发育相关性状的影响,毕瑜林;陈继兰;刘冉冉;郑麦青;朱静;常国斌;赵桂苹;文杰;陈国宏,中国畜牧杂志,2012/6/10,期刊,13,333,
20457,鸡喙组织主要化学成分分析,朱静;陈继兰;刘冉冉;郑麦青;胡娟;刘国芳;王竹伟;毕瑜林;唐诗;白皓;赵桂苹;文杰,中国家禽,2012/5/20,期刊,4,162,
20458,不同光照制度对北京油鸡肉用性能的影响,朱静;陈继兰;胡娟;文杰;赵桂苹;郑麦青;刘冉冉;刘国芳;王竹伟;毕瑜林;唐诗,中国家禽,2011/12/20,期刊,14,200,
20459,鸡MyD88-TIR的同源模建,赵兴旺;刘冉冉;郑麦青;文杰;陈继兰;赵桂苹,生物信息学,2011/12/15,期刊,3,167,
20460,鸡髓样分化因子88的原核表达及单克隆抗体制备,赵兴旺;刘冉冉;郑麦青;文杰;陈继兰;赵桂苹,生物技术通讯,2011/11/30,期刊,4,139,
20461,鸡促卵泡素及其受体基因在多个非繁殖组织中的表达研究,崔焕先;赵桂苹;刘冉冉;郑麦青;陈继兰;文杰,畜牧兽医学报,2011/11/15,期刊,10,282,
20462,北京油鸡血清IgG含量的GWAS初步分析,张磊;刘冉冉;赵桂苹;文杰;郑麦青;吴丹;胡耀东;李鹏;刘丽,安全优质的家禽生产——第十五次全国家禽学术讨论会论文集,2011/11/1,中国会议,1,106,
20463,鸡肉风味物质的遗传选择对北京油鸡饲料转化率及其他生产性状的影响,刘国芳;陈继兰;胡娟;文杰;赵桂苹;郑麦青;刘冉冉;刘伟平;赵丽红;王竹伟;朱静,四川农业大学学报,2011/9/30,期刊,3,313,
20464,北京油鸡相关新品种培育与产业升级关键技术的研发与应用,陈继兰;文杰;龚炎长;孙研研;李显耀;李冬立;杨福剑;陈余;吴文平;麻慧;罗清尧;贾亚雄;任海义;刘冉冉,中国农业科学院北京畜牧兽医研究所;华中农业大学;北京百年栗园生态农业有限公司;山东农业大学;广西参皇养殖集团有限公司;北京市畜牧总站;湖北欣华生态畜禽开发有限公司,2011/5/1,科技成果,0,5,
20465,优质鸡体脂分布评价指标的筛选,吕喜青;刘冉冉;赵桂苹;郑麦青;陈继兰;文杰;胡耀东;殷文政,中国家禽,2011/3/20,期刊,7,233,
20466,爱拔益加肉鸡和北京油鸡脂肪代谢及其相关基因表达的比较研究,蒋瑞瑞;赵桂苹;陈继兰;郑麦青;刘冉冉;李鹏;胡耀东;文杰,动物营养学报,2010/10/15,期刊,36,716,
20467,鸡HSP70-2基因多态性及其与精液品质性状的关联分析,刘伟平;陈继兰;陈国宏;文杰;赵桂萍;郑麦青;刘冉冉,第十二次全国畜禽遗传标记研讨会论文集,2010/10/14,中国会议,0,78,
20468,鸡SRBC和H/L免疫性状遗传选择进展,胡耀东;文杰;郑麦青;陈继兰;刘冉冉;赵桂苹,第二届中国黄羽肉鸡行业发展大会会刊,2010/10/13,中国会议,2,93,
20469,北京油鸡体脂分布与沉积规律研究,付睿琦;赵桂苹;刘冉冉;郑麦青;陈继兰;苟钟勇;文杰,第六次全国饲料营养学术研讨会论文集,2010/10/1,中国会议,1,87,
20470,TLR4基因SNP检测及在中外鸡种中的群体变异分析,宋咏梅;庞建建;赵桂苹;刘冉冉;李鹏;赵兴旺;郑麦青;文杰,中国农学通报,2010/8/20,期刊,11,254,
20471,急性热应激对北京油鸡生产性能的影响及Vc添加效应的研究,胡娟;陈继兰;文杰;王丹莉;赵桂萍;郑麦青;蒋瑞瑞;刘琛;刘冉冉;刘伟平,安徽农业大学学报,2010/7/30,期刊,16,267,
20472,短期热应激对北京油鸡种公鸡繁殖性能的影响,刘伟平;文杰;陈国宏;陈继兰;胡娟;赵丽红;常国斌;赵桂萍;郑麦青;刘冉冉,全球肉鸡产业论坛暨第二届中国白羽肉鸡产业发展大会会刊,2010/5/13,中国会议,4,87,
20473,饲粮钙和非植酸磷水平对肉仔鸡生长性能和血清指标的影响,吴静璇;翟羽佳;廖秀冬;张丽阳;李素芬;吕林,中国畜牧杂志,2023/8/16,期刊,0,254,
20474,中国畜禽饲料资源中镁含量的调查研究,吴静璇;孙征;马雪莲;张丽阳;廖秀冬;罗绪刚;李素芬;吕林,中国畜牧兽医,2023/4/28,期刊,1,128,
20475,不同来源豆粕的肉仔鸡标准回肠氨基酸消化率研究,孙征;叶晓梦;廖秀冬;张丽阳;赵峰;王钰明;冯京海;萨仁娜;解竞静;吕林,中国畜牧杂志,2022/10/31,期刊,1,488,
20476,饲粮微量元素添加模式对肉仔鸡生长和胴体性能及肌肉品质的影响,张兰;王良治;黄艳玲;廖秀冬;张丽阳;吕林;罗绪刚,中国农业科学,2021/11/16,期刊,7,582,
20477,日粮钙水平对22～42日龄肉仔鸡生长性能及肉品质的影响,王传龙;廖秀冬;杨云峰;张丽阳;李素芬;罗绪刚;吕林,中国畜牧杂志,2021/9/1,期刊,2,339,
20478,日粮硒水平对22～42日龄肉仔鸡生长性能及肉品质的影响,王丽赛;廖秀冬;冯艳忠;张丽阳;吕林;李素芬;罗绪刚,中国畜牧兽医,2020/7/20,期刊,17,447,
20479,铁水平和孵育时间对原代培养肉鸡鸡胚肝细胞中铁含量及含铁酶活性、基因表达和蛋白表达的影响,马雪莲;廖秀冬;张丽阳;吕林;罗绪刚,动物营养学报,2020/7/8,期刊,3,486,
20480,饲粮添加铜对1～21日龄肉仔鸡生长性能和血清生化指标的影响,陈志勇;廖秀冬;张丽阳;吕林;黄艳玲;罗绪刚,中国畜牧杂志,2020/4/21,期刊,9,421,
20481,河北省猪、鸡饲料资源中微量元素含量分析,宋丹;于涛;邢冠中;张丽阳;冯敏山;牛一兵;杨柳;马雪莲;王良治;巩文洋;吕林;廖秀冬;李素芬;罗绪刚;赵国先,中国饲料,2020/4/5,期刊,1,254,
20482,日粮钙或磷缺乏对22～42日龄肉仔鸡生长性能及胫骨组织结构的影响,王传龙;邢冠中;邵玉新;张丽阳;吕林;李素芬;廖秀冬;罗绪刚,中国畜牧兽医,2019/12/24,期刊,7,322,
20483,河北省鸡主要饲料原料重金属污染分析,杨柳;邢冠中;张丽阳;冯敏山;牛一兵;于涛;巩文洋;马雪莲;王良治;吕林;廖秀冬;李素芬;罗绪刚;赵国先,中国家禽,2019/10/25,期刊,9,261,
20484,我国畜禽饲料资源中矿物质元素磷含量的调查研究,刘国庆;张丽阳;马雪莲;王良治;刘东元;邢冠中;杨柳;李素芬;廖秀冬;吕林;罗绪刚,畜牧兽医学报,2019/9/24,期刊,5,254,
20485,低磷浓度下原代培养肉鸡鸡胚十二指肠上皮细胞对磷吸收及相关转运载体表达的研究,吕娜;吕林;廖秀冬;张丽阳;罗绪刚,动物营养学报,2019/7/4,期刊,1,238,
20486,我国畜禽饲料资源中微量元素铜含量分布的调查,王丽赛;张丽阳;邵玉新;马雪莲;王良治;邢冠中;杨柳;李素芬;吕林;廖秀冬;罗绪刚,中国农业科学,2019/6/1,期刊,23,429,
20487,我国畜禽饲料资源中微量元素锰含量分布的调查,王传龙;张丽阳;刘国庆;王丽赛;杨柳;邢冠中;邵玉新;马雪莲;李素芬;王良治;刘元东;吕林;廖秀冬;罗绪刚,中国农业科学,2019/6/1,期刊,10,363,
20488,我国畜禽饲料资源中微量元素锌含量分布的调查,邵玉新;张丽阳;马雪莲;王良治;刘东元;吕林;廖秀冬;罗绪刚,中国农业科学,2019/6/1,期刊,14,335,
20489,我国畜禽饲料资源中微量元素硒含量分布的调查,王丽赛;张丽阳;马雪莲;王良治;邢冠中;杨柳;于涛;吕林;廖秀冬;李素芬;罗绪刚,中国农业科学,2019/6/1,期刊,21,463,
20490,我国畜禽饲料资源中微量元素铁含量分布的调查研究,马雪莲;张丽阳;王良治;刘东元;吕林;廖秀冬;罗绪刚,动物营养学报,2019/5/8,期刊,20,416,
20491,我国畜禽饲料资源中常量元素钠含量分布的调查研究,李婷婷;张丽阳;马雪莲;王良治;廖秀冬;吕林;罗绪刚,西昌学院学报(自然科学版),2019/4/11,期刊,5,135,
20492,饲粮钙、磷缺乏对1～21日龄肉仔鸡生长性能、佝偻病发病特征及胫骨组织结构的影响,邵玉新;邢冠中;张丽阳;吕林;李素芬;廖秀冬;罗绪刚,动物营养学报,2019/3/1,期刊,19,411,
20493,吡咯喹啉醌二钠对肉仔鸡的生物安全性评价,孙光明;董雪玉;廖秀冬;张丽阳;郭艳丽;吕林;罗绪刚,动物营养学报,2018/7/15,期刊,6,238,
20494,肉鸡鸡胚十二指肠上皮细胞的体外分离、鉴定及其原代培养吸收模型的构建与评估,张树敏;廖秀冬;吕林;张丽阳;罗绪刚,动物营养学报,2018/6/27,期刊,6,483,
20495,植物提取物及其复合物对鸡源致病菌的体外抑菌作用,赵露露;廖秀冬;张丽阳;罗绪刚;吕林,动物营养学报,2017/7/28,期刊,32,847,
20496,饲粮添加不同水平维生素D3对肉仔鸡生长性能和骨磷代谢利用的影响,温倩;吕林;张丽阳;廖秀冬;罗绪刚,动物营养学报,2017/7/27,期刊,6,306,
20497,饲粮铁水平对肉仔鸡锰吸收及组织中沉积的影响,王秋悦;邹亚学;唐家明;吕林;张丽阳;罗绪刚;李素芬,中国畜牧杂志,2017/5/10,期刊,6,200,
20498,饲粮高铁对肉仔鸡十二指肠黏膜铁转运载体基因表达及组织微量元素含量的影响,邹亚学;王秋悦;牛一兵;贺英;唐家明;吕林;张丽阳;罗绪刚;李素芬,动物营养学报,2017/3/31,期刊,19,372,
20499,酵母硒对肉仔鸡的生物安全性评价,何文刚;赵玉振;廖秀东;张丽阳;吕林;郭艳丽;罗绪刚,动物营养学报,2017/3/31,期刊,13,303,
20500,减少肉鸡磷、氮等元素排放的饲料配制技术研究,胡义信;廖秀冬;赵玉振;吕林;张丽阳;罗绪刚,中国畜牧杂志,2016/11/10,期刊,6,162,
20501,黄芪多糖和甲砜霉素影响ALV-J对SPF鸡致病性的分析,王广文;吕林;王超;张振东;程子龙;屈亚锦;刘思当,畜牧兽医学报,2015/10/20,期刊,2,131,
20502,低聚木糖对肉仔鸡的生物安全性评价,索海青;许国辉;肖林;陈小刚;夏蕊蕊;张丽阳;吕林;罗绪刚,动物营养学报,2015/6/15,期刊,6,362,
20503,饲粮铁水平对22～42日龄肉仔鸡生长性能和胴体性能及肌肉品质的影响,马春艳;罗绪刚;张丽阳;吕林,中国畜牧杂志,2014/9/10,期刊,15,301,
20504,高温孵化对鸡胚发育及其组织抗氧化性能的影响,田传欢;解竞静;吕林;张丽阳;罗绪刚,中国畜牧杂志,2014/6/10,期刊,5,260,
20505,热应激对鸡线粒体影响的研究进展,唐丽;吕林;张丽阳;罗绪刚,中国畜牧杂志,2014/5/10,期刊,5,330,
20506,植物甾醇对肉仔鸡的生物安全性评价,王黎文;江勇;解竞静;吕林;张丽阳;索海青;罗绪刚,中国农业科学,2014/4/1,期刊,8,236,
20507,0～3周龄肉仔鸡饲粮粗蛋白最低需要量研究,王喜红;吕林;王润莲;张丽阳;罗绪刚,中国畜牧杂志,2014/3/10,期刊,10,192,
20508,日粮磷水平对22～42日龄肉仔鸡胴体性能及肌肉品质的影响,江勇;吕林;解竞静;张丽阳;李素芬;罗绪刚,中国畜牧兽医,2013/11/20,期刊,11,154,
20509,22～42周龄肉仔鸡玉米-豆粕型饲粮非植酸磷需要量的研究,江勇;吕林;张丽阳;罗绪刚,中国畜牧兽医学会家禽学分会第九次代表会议暨第十六次全国家禽学术讨论会论文集,2013/5/12,中国会议,0,52,
20510,转植酸酶基因玉米对肉仔鸡器官发育及其病理变化的影响,吕林;郭江;李素芬;刘松柏;王光瑛;张丽阳;李昂;罗绪刚,中国畜牧杂志,2013/3/10,期刊,1,140,
20511,锰在鸡肠道中吸收的特点、影响因素及分子机制,李晓丽;吕林;解竞静;张丽阳;罗绪刚,动物营养学报,2013/2/27,期刊,19,564,
20512,转植酸酶基因玉米对蛋种鸡产蛋性能及血清生化指标的影响,冉崇银;吕林;刘松柏;李素芬;张丽阳;兰云贤;罗绪刚,中国畜牧兽医,2013/2/20,期刊,7,147,
20513,转植酸酶基因玉米对肉仔鸡生长性能、胴体性能及肉品质的影响,郭江;吕林;刘松柏;李素芬;王光瑛;张丽阳;李昂;罗绪刚,中国畜牧兽医,2013/1/20,期刊,8,274,
20514,转植酸酶基因玉米对肉仔鸡血液生理生化指标和免疫功能的影响,郭江;吕林;李素芬;刘松柏;王光瑛;张丽阳;李昂;罗绪刚,中国畜牧兽医,2012/12/20,期刊,9,159,
20515,不同锰水平对肉仔鸡肝细胞脂肪合成关键酶的影响,吕林;王美玲;罗绪刚;张丽阳,安全优质的家禽生产——第十五次全国家禽学术讨论会论文集,2011/11/1,中国会议,0,72,
20516,肉仔鸡饲喂酪蛋白-葡萄糖饲粮对百乐铁相对生物学利用率的研究,马新燕;吕林;李晓丽;李素芬;刘松柏;张丽阳;S.L.Traylor;孙茜;罗绪刚,安全优质的家禽生产——第十五次全国家禽学术讨论会论文集,2011/11/1,中国会议,3,46,
20517,日粮锌水平对4～6周龄肉仔鸡生长性能、胴体性能及肉品质的影响,廖秀冬;吕林;王光瑛;李昂;李素芬;刘松柏;张丽阳;罗绪刚,中国畜牧兽医,2011/9/20,期刊,17,270,
20518,不同形态锰对肉仔鸡脂肪代谢关键酶活性及其基因表达的影响,王美玲;陈仲建;吕林;张丽阳;罗绪刚,中国农业科学,2011/9/16,期刊,23,578,
20519,静脉注射不同锌源与锌水平对肉仔鸡生长性能及组织锌含量的影响,沈素芳;吕林;王润莲;李素芬;张丽阳;罗绪刚,中国畜牧兽医,2011/3/20,期刊,4,197,
20520,鸡铜需要量的影响因素,贺英;牛一兵;吕林;冯敏山;罗绪刚;邹亚学;段玲欣;李素芬,中国家禽,2011/2/20,期刊,2,163,
20521,饲粮添加不同形态锌源及锌水平对肉仔鸡组织锌含量和抗氧化性能的影响,刘泽辉;吕林;李素芬;张克英;罗绪刚,第六次全国饲料营养学术研讨会论文集,2010/10/1,中国会议,0,96,
20522,饲粮添加不同形态锌源及锌水平对肉仔鸡血清生化指标和脂肪代谢的影响,刘泽辉;吕林;李素芬;张克英;罗绪刚,第六次全国饲料营养学术研讨会论文集,2010/10/1,中国会议,1,90,
20523,以含锰超氧化物歧化酶基因表达评价4-6周龄肉仔鸡实用饲粮中锰的适宜水平,常斌;吕林;罗绪刚;王润莲,第六次全国饲料营养学术研讨会论文集,2010/10/1,中国会议,0,42,
20524,静脉注射不同形态锌对肉仔鸡的生物学有效性,沈素芳;吕林;李素芬;罗绪刚,第六次全国饲料营养学术研讨会论文集,2010/10/1,中国会议,0,34,
20525,饲粮添加不同形态锌源及锌水平对肉仔鸡生长性能、胴体性能和肉品质的影响,刘泽辉;吕林;李素芬;张克英;罗绪刚,第六次全国饲料营养学术研讨会论文集,2010/10/1,中国会议,0,69,
20526,日粮中添加不同水平的锰对4～6周龄肉仔鸡生长性能、胴体性能及肉品质的影响,常斌;吕林;王润莲;罗绪刚;李素芬,中国畜牧兽医,2010/9/20,期刊,12,286,
20527,不同铜源和铜水平对肉仔鸡前期生长性能和组织中维生素E氧化稳定性的影响,李红雪;吕林;计成;罗绪刚;刘彬,中国畜牧杂志,2010/9/10,期刊,17,185,
20528,不同锰源对肉仔鸡生长性能、胴体性能和血清生化指标的影响,陈仲建;吕林;罗绪刚;李素芬;刘彬;吴德,中国畜牧杂志,2010/7/10,期刊,27,277,
20529,抗生素对肉鸡生长、屠宰性能和肉品质的影响,万建美;吕林;李素芬;仲明;张克英;罗绪刚,中国畜牧杂志,2010/1/10,期刊,34,638,
20530,锰对肉仔鸡生长性能、胴体性能和血清生化指标的影响,陈仲建;吕林;罗绪刚;李素芬;刘彬;吴德,中国家禽科学研究进展——第十四次全国家禽科学学术讨论会论文集,2009/7/1,中国会议,0,75,
20531,锌缺乏对初生肉仔鸡血清瘦素、下丘脑AMPK活性、神经肽Y及其mRNA水平的影响,黄金秀;罗绪刚;吕林;刘彬;徐宏波,营养学报,2008/12/31,期刊,1,192,
20532,以基因表达评价肉仔鸡实用饲粮中锰的适宜水平,林月霞;吕林;罗绪刚;王志跃;刘彬,营养学报,2008/12/31,期刊,11,143,
20533,锌在肉仔鸡小肠不同部位中吸收机理的研究,于昱;吕林;罗绪刚;刘彬,中国畜牧兽医学会2008年学术年会暨第六届全国畜牧兽医青年科技工作者学术研讨会论文集,2008/11/1,中国会议,1,37,
20534,肉鸡对不同络合强度有机锌源相对生物学利用率研究,黄艳玲;吕林;罗绪刚;刘彬,中国畜牧兽医学会2008年学术年会暨第六届全国畜牧兽医青年科技工作者学术研讨会论文集,2008/11/1,中国会议,0,69,
20535,碱式氯化铜对平养肉鸡生长性能、饲粮中维生素E和植酸酶稳定性的影响,张政军;吕林;罗绪刚;刘彬,营养学报,2008/10/31,期刊,8,252,
20536,饲粮锌水平对肉仔鸡组织锌转运蛋白基因表达的影响,黄艳玲;吕林;罗绪刚;刘彬,营养学报,2008/10/31,期刊,8,246,
20537,锌在肉仔鸡小肠不同部位吸收机理的研究,于昱;吕林;罗绪刚;刘彬,中国农业科学,2008/9/15,期刊,21,267,
20538,0～21日龄肉仔鸡饲粮中锌适宜水平研究,黄艳玲;吕林;李素芬;罗绪刚;刘彬,畜牧兽医学报,2008/7/15,期刊,26,240,
20539,饲粮锌对肉鸡生长性能、组织含锌酶活性以及金属硫蛋白含量的影响,黄艳玲;吕林;罗绪刚;刘彬,中国畜牧杂志,2008/7/10,期刊,8,306,
20540,鸡二价金属转运蛋白1 cDNA的克隆与序列分析,白世平;吕林;罗绪刚;刘彬,中国生物化学与分子生物学报,2008/6/20,期刊,0,108,
20541,不同形态锰源对肉鸡生长性能和心肌锰含量的影响,王彦平;侯启瑞;吕林;王金玉;李素芬;罗绪刚;刘彬,中国家禽,2008/5/5,期刊,11,169,
20542,有机锌在肉仔鸡小肠不同部位中的吸收特点,于昱;吕林;罗绪刚;刘彬,营养学报,2008/4/15,期刊,13,292,
20543,静脉注射不同形态锰源对肉仔鸡生物学活性的影响,李素芬;罗绪刚;吕林;刘彬;卜友泉;余顺祥,中国农业科学,2008/3/10,期刊,8,139,
20544,初生肉仔鸡血清和下丘脑摄食调节相关激素的发育规律与品种特点,黄金秀;罗绪刚;吕林;刘彬,中国农业科学,2008/3/10,期刊,4,138,
20545,不同品种初生肉仔鸡卵黄囊耗用规律及其激素调节的研究,黄金秀;罗绪刚;吕林;刘彬,畜牧兽医学报,2008/2/15,期刊,5,155,
20546,锌对肉仔鸡小肠中锌转运蛋白基因表达的影响,于昱;吕林;罗绪刚;刘彬,中国家禽业——机遇与挑战——第十三次全国家禽学术讨论会论文集,2007/10/1,中国会议,0,45,
20547,肉仔鸡实用饲粮中锌适宜水平研究,黄艳玲;罗绪刚;吕林;刘彬,中国家禽业——机遇与挑战——第十三次全国家禽学术讨论会论文集,2007/10/1,中国会议,0,49,
20548,用原位结扎灌注肠段法研究锰在肉仔鸡小肠中的吸收机制,白世平;吕林;罗绪刚;刘彬,中国家禽业——机遇与挑战——第十三次全国家禽学术讨论会论文集,2007/10/1,中国会议,1,39,
20549,初生肉仔鸡卵黄囊耗用规律及其激素调节的研究,黄金秀;吕林;罗绪刚;刘彬,中国家禽业——机遇与挑战——第十三次全国家禽学术讨论会论文集,2007/10/1,中国会议,0,40,
20550,矿物元素与畜禽免疫,董顺义;胡兰;吕林;罗绪刚,饲料工业,2007/8/20,期刊,5,110,
20551,不同锰源对肉鸡胴体性能和肌肉品质的影响,吕林;计成;罗绪刚;刘彬;余顺祥,中国农业科学,2007/7/10,期刊,31,438,
20552,体内法评定鸡饲料原料中矿物元素生物学利用率的研究进展,钟茂;吕林;谢和芳;罗绪刚,中国畜牧杂志,2007/7/10,期刊,2,189,
20553,碱式氯化铜对平养肉鸡生长性能、饲粮中VE和植酸酶稳定性的影响,张政军;吕林;罗绪刚;刘彬,饲料与畜牧,2006/12/30,期刊,6,96,
20554,静脉注射锰对肉仔鸡心肌细胞线粒体中含锰超氧化物歧化酶基因表达的影响,罗绪刚;李素芬;吕林;刘彬;余顺祥,饲料营养研究进展——第五届全国饲料营养学术研讨会论文集,2006/10/1,中国会议,0,36,
20555,碱式氯化铜对平养肉鸡生长性能、饲粮中维生素E和植酸酶稳定性的影响,张政军;吕林;罗绪刚;刘彬,饲料营养研究进展——第五届全国饲料营养学术研讨会论文集,2006/10/1,中国会议,1,48,
20556,铬对肉仔鸡生长性能、免疫功能和胴体品质的影响,张庆东;罗绪刚;王永军;吕林;刘彬,中国畜牧杂志,2006/5/10,期刊,27,239,
20557,碱式氯化铜对肉仔鸡的生物学有效率、饲料中维生素E的氧化稳定性和生物安全性研究,林月霞;吕林;罗绪刚;王志跃;刘彬,畜牧兽医学报,2006/2/28,期刊,15,351,
20558,锰对肉仔鸡胴体性能、肉品质及相关酶活性的影响,"吕林,计成,罗绪刚,刘彬,余顺祥",中国农业科学,2004/12/10,期刊,22,439,
20559,锰对肉仔鸡胴体性能和肌肉品质的影响及其机理研究,吕林,中国农业大学,2004/6/1,博士,11,830,
20560,硼对肉仔鸡生长性能的影响及其在组织器官中富集的研究,"吕林,袁缨",动物营养学报,2003/2/28,期刊,11,149,
20561,硼对肉仔鸡脂类代谢和生产性能的影响,"郑爱娟,吕林,王鹏,袁缨",畜禽业,2002/10/30,期刊,9,43,
20562,添加硼对肉仔鸡组织器官中硼的富集和铁、铜、锰、锌含量的影响,"袁缨,吕林",沈阳农业大学学报,2002/4/25,期刊,21,102,
20563,硼对肉仔鸡脂类代谢和生产性能的影响,"郑爱娟,吕林,王鹏,袁缨",饲料博览,2001/12/25,期刊,10,44,
20564,鸡石灰中毒的诊治,吕林,青海畜牧兽医杂志,2001/10/30,期刊,0,8,
20565,碳氮磷交互作用对高浓度氨氮鸡粪沼液培养小球藻的影响,贾侑臻;卢海凤;董泰丽;孙颖财;李保明;童勤;胡国娜;张东明;韩挺,中国沼气,2023/4/10,期刊,0,440,
20566,池深和稀释比对肉种鸡精液品质的影响及稀释液筛选探究,刘雪;孙宪法;童勤;薛晓柳;王伟奇;李保明;周东;卢海凤,中国家禽,2022/9/8,期刊,0,199,
20567,鸡粪处理过程氨气减排技术研究进展,李绚阳;席磊;石志芳;程璞;刘卫东;李保明,中国家禽,2022/5/15,期刊,4,619,
20568,蛋种鸡对本交笼产蛋窝内光环境的偏好性选择,石海鹏;郑炜超;童勤;李保明;曾丹,农业工程学报,2020/11/23,期刊,3,239,
20569,中国规模化养鸡环境控制关键技术与设施设备研究进展,李保明;王阳;郑炜超;童勤,农业工程学报,2020/8/23,期刊,42,933,
20570,本交笼内产蛋窝布置方式对蛋种鸡行为、生理及死淘率的影响,石海鹏;郑炜超;童勤;张智;李保明;王连增,世界动物福利科学大会论文集,2019/5/28,国际会议,1,44,
20571,鸡舍换气余热干燥鸡粪设备夏季干燥性能研究,李绚阳;李保明;郑炜超;王琼;童勤,世界动物福利科学大会论文集,2019/5/28,国际会议,0,30,
20572,我国规模化养鸡环境控制技术的最新进展,李保明;王阳;郑炜超,中国家禽,2019/5/10,期刊,28,1149,
20573,笼内产蛋窝布置方式对蛋种鸡行为生理及死淘率的影响,石海鹏;郑炜超;童勤;张智;李保明;王连增,农业工程学报,2019/4/23,期刊,7,311,
20574,鸡舍换气余热干燥鸡粪设备夏季干燥性能研究,李绚阳;李保明;郑炜超;王琼;童勤,农业工程学报,2019/4/8,期刊,5,346,
20575,育成笼增设栖杆对转群前后鸡群适应性的影响,郑红亚;杨柳;李保明;周宝贵,农业工程学报,2018/7/8,期刊,4,181,
20576,鸡粪中低温干燥动力学特性与参数优化,李绚阳;李保明;郑炜超;魏永祥;张智,农业工程学报,2018/5/23,期刊,13,317,
20577,规模化立体高效养鸡装备及环境控制关键技术研发应用,李保明;施正香;滕光辉;陈刚;赖成幕;袁正东;王朝元;周东;黄仁录;郑树利,中国农业大学;广州广兴牧业设备集团有限公司;山东民和牧业股份有限公司;北京德青源农业科技股份有限公司;青岛大牧人机械股份有限公司;河北农业大学,2018/1/9,科技成果,0,19,
20578,鸡粪发酵液培养的小球藻水热液化制备生物原油及其特性,朱张兵;王猛;张源辉;李保明;张婷婷;董泰丽;刘志丹,农业工程学报,2017/4/23,期刊,7,327,
20579,蛋种鸡小阶梯式本交笼养设备养殖成本与收益及其影响因素,张国栋;李腾飞;彭飞;王红英;李保明,中国家禽,2015/7/25,期刊,20,283,
20580,蛋种鸡养殖技术模式发展的思考,李保明,中国禽业导刊,2015/4/25,期刊,1,0,
20581,鸡舍带鸡消毒建议慎用人工喷雾消毒方式,臧一天;李保明;赵丽杰;曹薇,中国家禽,2015/1/10,期刊,8,314,
20582,规模化养鸡环境控制关键技术创新及其设备研发与应用,李保明;陈刚;施正香;滕光辉;陶秀萍;赵淑梅;孙宪法;郑树利;赖成幕;袁正东;周东;张天柱;尚斌;冷建卫;郑炜超,中国农业大学;广州广兴牧业设备集团有限公司;山东民和牧业股份有限公司;中国农业科学院农业环境与可持续发展研究所;青岛大牧人机械股份有限公司;北京德清源农业科技股份有限公司,2014/10/25,科技成果,0,12,
20583,我国蛋种鸡本交笼养模式应用现状与研究方向,李恒;李腾飞;王红英;李保明,中国家禽,2013/2/20,期刊,24,426,
20584,蛋种鸡舍湿帘降温系统运行初期的生产性能测试,韩国锋;赵淑梅;李保明;赵来兵;黄学杰,生态环境与畜牧业可持续发展学术研讨会暨中国畜牧兽医学会2012年学术年会和第七届全国畜牧兽医青年科技工作者学术研讨会会议论文集——T01畜舍环境与调控技术专题,2012/11/2,中国会议,1,100,
20585,光照对北京油鸡产蛋期采食规律的影响,马贺;李保明;申丽;耿爱莲;张尧;施正香,第五届中国畜牧科技论坛论文集,2011/9/17,中国会议,7,66,
20586,蛋种鸡场中性电解水带鸡喷雾消毒试验研究,郑炜超;李保明;尚宇超;王朝元;杨战勇;曹薇,农业工程学报,2010/9/30,期刊,38,482,
20587,不同栖木对北京油鸡栖息行为的影响,许斌;耿爱莲;李保明,中国家禽,2010/6/5,期刊,2,145,
20588,中性电解水对鸡蛋表面的清洗灭菌效果,朱志伟;李保明;李永玉;尚宇超;王朝元;曹薇,农业工程学报,2010/3/31,期刊,32,610,
20589,中性电解水在肉鸡舍内消毒中的应用研究,南松剑;曹薇;尚宇超;冀盈盈;崔晓东;王朝元;施正香;李保明;周东;隋锡兰,中国畜牧兽医学会2009学术年会论文集（下册）,2009/10/11,中国会议,1,47,
20590,蛋种鸡场带鸡喷雾消毒工艺研究及进展,郑炜超;李保明,纪念中国农业工程学会成立30周年暨中国农业工程学会2009年学术年会（CSAE 2009）论文集,2009/8/22,中国会议,0,120,
20591,中性电解水在肉鸡场消毒中的应用研究,南松剑;李保明;尚宇超;冀盈盈;崔晓东;王朝元;施正香;曹薇;周东;隋锡兰,纪念中国农业工程学会成立30周年暨中国农业工程学会2009年学术年会（CSAE 2009）论文集,2009/8/22,中国会议,2,95,
20592,集约化养殖生产系统下肉种鸡健康与福利状况的调查研究,耿爱莲;李保明;赵芙蓉;陈刚,中国家禽,2009/5/5,期刊,23,591,
20593,温热环境对肉仔鸡胸囊肿发生的影响,赵芙蓉;施正香;耿爱莲;李保明,农业工程学报,2009/4/30,期刊,3,185,
20594,规模化养鸡环境控制技术的主要成就与发展趋势,李保明;王朝元,中国家禽,2008/9/5,期刊,39,1068,
20595,酸性电解水对鸡白痢沙门氏菌杀灭效果的研究,曹薇;朱志伟;张玥;施正香;李保明,食品科技,2008/2/20,期刊,6,391,
20596,胸囊肿肉仔鸡血液生化指标的变化,赵芙蓉;耿爱莲;施正香;李保明,中国家禽,2008/2/5,期刊,4,72,
20597,笼养密度对肉仔鸡行为的影响及其与胸囊肿发生率的关系,赵芙蓉;李保明;赵亚军;耿爱莲;施正香,中国农业大学学报,2007/10/15,期刊,12,258,
20598,不同笼养密度下肉仔鸡的行为特点及其与胸囊肿发生的关系,赵芙蓉;李保明;赵亚军;耿爱莲;施正香,2007年中国农业工程学会学术年会论文摘要集,2007/8/1,中国会议,0,40,
20599,酸性电解水对鸡白痢沙门氏菌杀灭效果的研究,朱志伟;曹薇;张玥;施正香;李保明,2007年中国农业工程学会学术年会论文摘要集,2007/8/1,中国会议,0,46,
20600,笼底类型对肉仔鸡行为的影响及其与胸囊肿发生率的关系,赵芙蓉;赵亚军;耿爱莲;施正香;李保明,动物学研究,2007/4/15,期刊,17,230,
20601,笼养肉仔鸡生产性能及其胴体品质影响因素的研究,赵芙蓉;李保明;施正香;耿爱莲;周东;董泰丽,农业工程学报,2006/12/30,期刊,9,183,
20602,辅酶Q10对腹水症肉鸡脂质代谢以及抗氧化能力的影响,耿爱莲;李保明;呙于明,中国畜牧杂志,2006/11/10,期刊,2,138,
20603,笼养肉仔鸡胸囊肿发生的机制及其影响因素,赵芙蓉;李保明;施正香;耿爱莲;赵亚军,中国家禽,2006/10/20,期刊,4,95,
20604,紫外线对肉仔鸡骨骼发育的影响,张兰霞;施正香;王新颖;耿爱莲;李保明,中国农业科学,2006/9/10,期刊,16,209,
20605,饲养密度和鸡笼局部遮光对肉种鸡产蛋期行为与福利的影响,赵阳;赵亚军;李保明;施正香,动物学研究,2006/8/30,期刊,12,466,
20606,笼养肉仔鸡胸囊肿发生的机制及其影响因素,赵芙蓉;李保明;施正香;耿爱莲;赵亚军,第十届全国家畜环境科学讨论会论文集,2006/8/1,中国会议,0,27,
20607,家禽生产环境研究现状与展望,"施正香,李保明",中国家禽,2004/11/25,期刊,10,272,
20608,透视嗅觉通讯调控笼养鸡啄羽自残行为的可能途径,赵亚军;李保明;施正香;侯卓成,第九届全国家畜环境科学讨论会论文集,2004/8/1,中国会议,0,98,
